{
  "fireoff": {
    "category": "neutral",
    "sounds": [
      {
        "name": "stevesicbm:fireoff",
        "stream": false
      }
    ]
  },
  "missile_hit": {
    "category": "hostile",
    "sounds": [
      {
        "name": "stevesicbm:missile_touch",
        "stream": false
      }
    ]
  },
  "slidewhistle": {
    "category": "ambient",
    "subtitle": "subtitles.slidewhistle",
    "sounds": [
      {
        "name": "stevesicbm:slide_whistle_3_downward",
        "stream": false
      }
    ]
  },
  "missile_touch_2": {
    "category": "neutral",
    "subtitle": "subtitles.missile_touch_2",
    "sounds": [
      {
        "name": "stevesicbm:missile_touch_2",
        "stream": false
      }
    ]
  },
  "travel_2": {
    "category": "neutral",
    "subtitle": "subtitles.travel_2",
    "sounds": [
      {
        "name": "stevesicbm:travel_2",
        "stream": false
      }
    ]
  },
  "anti_air_shot": {
    "category": "neutral",
    "subtitle": "subtitles.anti_air_shot",
    "sounds": [
      {
        "name": "stevesicbm:aa_cannon",
        "stream": false
      }
    ]
  },
  "emp_pulse": {
    "category": "neutral",
    "subtitle": "subtitles.emp_pulse",
    "sounds": [
      {
        "name": "stevesicbm:emp_pulse",
        "stream": false
      }
    ]
  },
  "bore_moving": {
    "category": "neutral",
    "subtitle": "subtitles.bore_moving",
    "sounds": [
      {
        "name": "stevesicbm:bore_walk",
        "stream": false
      }
    ]
  },
  "bore_smack": {
    "category": "neutral",
    "subtitle": "subtitles.bore_smack",
    "sounds": [
      {
        "name": "stevesicbm:bore_smack",
        "stream": false
      }
    ]
  }
}