{
  "meteor_falling": {
    "subtitle": "subtitles.meteor_falling",
    "sounds": [
      {
        "name": "steves_meteors:falling_meteor_from_sky",
        "stream": false
      }
    ]
  },
  "meteor_crash": {
    "subtitle": "subtitles.meteor_crash",
    "sounds": [
      {
        "name": "steves_meteors:falling_meteor_crash",
        "stream": false
      }
    ]
  },
  "meteor_laser_fire": {
    "subtitle": "subtitles.meteor_laser_fire",
    "sounds": [
      {
        "name": "steves_meteors:meteor_laser_fire",
        "stream": false
      }
    ]
  },
  "meteor_tracking_pc_alert": {
    "subtitle": "subtitles.meteor_tracking_pc_alert",
    "sounds": [
      {
        "name": "steves_meteors:meteor_tracking_pc_detection",
        "stream": false
      }
    ]
  }
}