{
  "parent": "block/cube",
  "textures": {
    "down": "steves_meteors:blocks/meteor_tracking_computer_side",
    "up": "steves_meteors:blocks/meteor_tracking_computer_side",
    "north": "steves_meteors:blocks/meteor_tracking_computer_face",
    "east": "steves_meteors:blocks/meteor_tracking_computer_side",
    "south": "steves_meteors:blocks/meteor_tracking_computer_side",
    "west": "steves_meteors:blocks/meteor_tracking_computer_side",
    "particle": "steves_meteors:blocks/meteor_tracking_computer_side"
  },
  "render_type": "solid"
}