{
  "credit": "Made with Blockbench",
  "texture_size": [
    32,
    32
  ],
  "elements": [
    {
      "name": "octagon",
      "from": [
        4.68629,
        4,
        0
      ],
      "to": [
        11.31371,
        12,
        16
      ],
      "rotation": {
        "angle": 45,
        "axis": "y",
        "origin": [
          8,
          8,
          8
        ]
      },
      "faces": {
        "north": {
          "uv": [
            1.5,
            12,
            5.5,
            16
          ],
          "texture": "#0"
        },
        "east": {
          "uv": [
            7.5,
            2,
            14,
            6.5
          ],
          "texture": "#0"
        },
        "south": {
          "uv": [
            1.5,
            3.5,
            8,
            8
          ],
          "texture": "#0"
        },
        "west": {
          "uv": [
            6,
            4,
            14.5,
            9.5
          ],
          "texture": "#0"
        },
        "up": {
          "uv": [
            8,
            7,
            16,
            14
          ],
          "texture": "#0"
        },
        "down": {
          "uv": [
            10,
            4,
            16,
            9.5
          ],
          "texture": "#0"
        }
      }
    },
    {
      "name": "octagon",
      "from": [
        4.68629,
        4,
        0
      ],
      "to": [
        11.31371,
        12,
        16
      ],
      "rotation": {
        "angle": 0,
        "axis": "y",
        "origin": [
          8,
          8,
          8
        ]
      },
      "faces": {
        "north": {
          "uv": [
            1.5,
            12,
            5.5,
            16
          ],
          "texture": "#0"
        },
        "east": {
          "uv": [
            7.5,
            2,
            14,
            6.5
          ],
          "texture": "#0"
        },
        "south": {
          "uv": [
            6,
            5,
            13.5,
            9.5
          ],
          "texture": "#0"
        },
        "west": {
          "uv": [
            11,
            1,
            16,
            5.5
          ],
          "texture": "#0"
        },
        "up": {
          "uv": [
            8,
            8,
            16,
            15
          ],
          "texture": "#0"
        },
        "down": {
          "uv": [
            11,
            5,
            16,
            9.5
          ],
          "texture": "#0"
        }
      }
    },
    {
      "name": "octagon",
      "from": [
        0,
        4,
        4.68629
      ],
      "to": [
        16,
        12,
        11.31371
      ],
      "rotation": {
        "angle": 45,
        "axis": "y",
        "origin": [
          8,
          8,
          8
        ]
      },
      "faces": {
        "north": {
          "uv": [
            1.5,
            12,
            5.5,
            16
          ],
          "texture": "#0"
        },
        "east": {
          "uv": [
            3.5,
            2.5,
            8,
            8
          ],
          "texture": "#0"
        },
        "south": {
          "uv": [
            5,
            3,
            13.5,
            9.5
          ],
          "texture": "#0"
        },
        "west": {
          "uv": [
            10.5,
            2,
            16,
            7
          ],
          "texture": "#0"
        },
        "up": {
          "uv": [
            8,
            8.5,
            16,
            15.5
          ],
          "texture": "#0"
        },
        "down": {
          "uv": [
            6.5,
            4,
            16,
            11.5
          ],
          "texture": "#0"
        }
      }
    },
    {
      "name": "octagon",
      "from": [
        0,
        4,
        4.68629
      ],
      "to": [
        16,
        12,
        11.31371
      ],
      "rotation": {
        "angle": 0,
        "axis": "y",
        "origin": [
          8,
          8,
          8
        ]
      },
      "faces": {
        "north": {
          "uv": [
            1.5,
            12,
            5.5,
            16
          ],
          "texture": "#0"
        },
        "east": {
          "uv": [
            5,
            8.5,
            10.5,
            13.5
          ],
          "texture": "#0"
        },
        "south": {
          "uv": [
            4.5,
            4,
            11,
            9.5
          ],
          "texture": "#0"
        },
        "west": {
          "uv": [
            9,
            1,
            16,
            7
          ],
          "texture": "#0"
        },
        "up": {
          "uv": [
            8,
            8.5,
            16,
            15.5
          ],
          "texture": "#0"
        },
        "down": {
          "uv": [
            8.5,
            3.5,
            16,
            8.5
          ],
          "texture": "#0"
        }
      }
    },
    {
      "name": "octagon",
      "from": [
        4,
        4.68629,
        0
      ],
      "to": [
        12,
        11.31371,
        16
      ],
      "rotation": {
        "angle": 45,
        "axis": "x",
        "origin": [
          8,
          8,
          8
        ]
      },
      "faces": {
        "north": {
          "uv": [
            1.5,
            10.5,
            6.5,
            15.5
          ],
          "texture": "#0"
        },
        "east": {
          "uv": [
            1,
            11,
            6,
            15
          ],
          "texture": "#0"
        },
        "south": {
          "uv": [
            0,
            9.5,
            4.5,
            15.5
          ],
          "texture": "#0"
        },
        "west": {
          "uv": [
            2,
            13,
            6,
            16
          ],
          "texture": "#0"
        },
        "up": {
          "uv": [
            0,
            10,
            6.5,
            16
          ],
          "texture": "#0"
        },
        "down": {
          "uv": [
            2,
            11,
            6,
            16
          ],
          "texture": "#0"
        }
      }
    },
    {
      "name": "octagon",
      "from": [
        4,
        4.68629,
        0
      ],
      "to": [
        12,
        11.31371,
        16
      ],
      "rotation": {
        "angle": 0,
        "axis": "x",
        "origin": [
          8,
          8,
          8
        ]
      },
      "faces": {
        "north": {
          "uv": [
            1.5,
            12,
            5.5,
            16
          ],
          "texture": "#0"
        },
        "east": {
          "uv": [
            2.5,
            13.5,
            5.5,
            16
          ],
          "texture": "#0"
        },
        "south": {
          "uv": [
            4,
            7,
            11,
            12.5
          ],
          "texture": "#0"
        },
        "west": {
          "uv": [
            3,
            4.5,
            12.5,
            12
          ],
          "texture": "#0"
        },
        "up": {
          "uv": [
            0,
            10,
            6.5,
            16
          ],
          "texture": "#0"
        },
        "down": {
          "uv": [
            2,
            10,
            6,
            13.5
          ],
          "texture": "#0"
        }
      }
    },
    {
      "name": "octagon",
      "from": [
        4,
        0,
        4.68629
      ],
      "to": [
        12,
        16,
        11.31371
      ],
      "rotation": {
        "angle": 45,
        "axis": "x",
        "origin": [
          8,
          8,
          8
        ]
      },
      "faces": {
        "north": {
          "uv": [
            1.5,
            12,
            5.5,
            16
          ],
          "texture": "#0"
        },
        "east": {
          "uv": [
            1,
            11,
            5,
            14.5
          ],
          "texture": "#0"
        },
        "south": {
          "uv": [
            2.5,
            6.5,
            9,
            12
          ],
          "texture": "#0"
        },
        "west": {
          "uv": [
            2,
            5.5,
            15.5,
            13.5
          ],
          "texture": "#0"
        },
        "up": {
          "uv": [
            0,
            10,
            6.5,
            16
          ],
          "texture": "#0"
        },
        "down": {
          "uv": [
            8,
            7.5,
            12.5,
            12
          ],
          "texture": "#0"
        }
      }
    },
    {
      "name": "octagon",
      "from": [
        4,
        0,
        4.68629
      ],
      "to": [
        12,
        16,
        11.31371
      ],
      "rotation": {
        "angle": 0,
        "axis": "x",
        "origin": [
          8,
          8,
          8
        ]
      },
      "faces": {
        "north": {
          "uv": [
            3.5,
            10.5,
            7.5,
            16
          ],
          "texture": "#0"
        },
        "east": {
          "uv": [
            0.5,
            11.5,
            5,
            14.5
          ],
          "texture": "#0"
        },
        "south": {
          "uv": [
            1,
            10.5,
            6,
            13.5
          ],
          "texture": "#0"
        },
        "west": {
          "uv": [
            2.5,
            12.5,
            3,
            13
          ],
          "texture": "#0"
        },
        "up": {
          "uv": [
            0,
            10,
            6.5,
            16
          ],
          "texture": "#0"
        },
        "down": {
          "uv": [
            4.5,
            13.5,
            5,
            14
          ],
          "texture": "#0"
        }
      }
    },
    {
      "name": "octagon",
      "from": [
        4.68629,
        0,
        4
      ],
      "to": [
        11.31371,
        16,
        12
      ],
      "rotation": {
        "angle": 45,
        "axis": "z",
        "origin": [
          8,
          8,
          8
        ]
      },
      "faces": {
        "north": {
          "uv": [
            1.5,
            12,
            5.5,
            16
          ],
          "texture": "#0"
        },
        "east": {
          "uv": [
            7.5,
            2,
            14,
            6.5
          ],
          "texture": "#0"
        },
        "south": {
          "uv": [
            11.5,
            10.5,
            16,
            16
          ],
          "texture": "#0"
        },
        "west": {
          "uv": [
            4.5,
            6,
            13.5,
            13.5
          ],
          "texture": "#0"
        },
        "up": {
          "uv": [
            11.5,
            3.5,
            16,
            11
          ],
          "texture": "#0"
        },
        "down": {
          "uv": [
            2,
            6.5,
            7.5,
            11
          ],
          "texture": "#0"
        }
      }
    },
    {
      "name": "octagon",
      "from": [
        4.68629,
        0,
        4
      ],
      "to": [
        11.31371,
        16,
        12
      ],
      "rotation": {
        "angle": 0,
        "axis": "z",
        "origin": [
          8,
          8,
          8
        ]
      },
      "faces": {
        "north": {
          "uv": [
            1.5,
            12,
            5.5,
            16
          ],
          "texture": "#0"
        },
        "east": {
          "uv": [
            7.5,
            2,
            14,
            6.5
          ],
          "texture": "#0"
        },
        "south": {
          "uv": [
            8,
            6.5,
            14.5,
            11.5
          ],
          "texture": "#0"
        },
        "west": {
          "uv": [
            6.5,
            9.5,
            12.5,
            14
          ],
          "texture": "#0"
        },
        "up": {
          "uv": [
            11.5,
            3.5,
            16,
            11
          ],
          "texture": "#0"
        },
        "down": {
          "uv": [
            4,
            7.5,
            9.5,
            14
          ],
          "texture": "#0"
        }
      }
    },
    {
      "name": "octagon",
      "from": [
        0,
        4.68629,
        4
      ],
      "to": [
        16,
        11.31371,
        12
      ],
      "rotation": {
        "angle": 45,
        "axis": "z",
        "origin": [
          8,
          8,
          8
        ]
      },
      "faces": {
        "north": {
          "uv": [
            1.5,
            12,
            5.5,
            16
          ],
          "texture": "#0"
        },
        "east": {
          "uv": [
            7.5,
            2,
            14,
            6.5
          ],
          "texture": "#0"
        },
        "south": {
          "uv": [
            8,
            8.5,
            16,
            16
          ],
          "texture": "#0"
        },
        "west": {
          "uv": [
            2.5,
            8,
            8.5,
            13.5
          ],
          "texture": "#0"
        },
        "up": {
          "uv": [
            11.5,
            3.5,
            16,
            11
          ],
          "texture": "#0"
        },
        "down": {
          "uv": [
            4.5,
            6.5,
            13,
            12
          ],
          "texture": "#0"
        }
      }
    },
    {
      "name": "octagon",
      "from": [
        0,
        4.68629,
        4
      ],
      "to": [
        16,
        11.31371,
        12
      ],
      "rotation": {
        "angle": 0,
        "axis": "z",
        "origin": [
          8,
          8,
          8
        ]
      },
      "faces": {
        "north": {
          "uv": [
            1.5,
            12,
            5.5,
            16
          ],
          "texture": "#0"
        },
        "east": {
          "uv": [
            7.5,
            2,
            14,
            6.5
          ],
          "texture": "#0"
        },
        "south": {
          "uv": [
            2.5,
            6.5,
            7.5,
            11.5
          ],
          "texture": "#0"
        },
        "west": {
          "uv": [
            9.5,
            11,
            16,
            16
          ],
          "texture": "#0"
        },
        "up": {
          "uv": [
            11.5,
            3.5,
            16,
            11
          ],
          "texture": "#0"
        },
        "down": {
          "uv": [
            5,
            8,
            11,
            12
          ],
          "texture": "#0"
        }
      }
    }
  ],
  "groups": [
    {
      "name": "all",
      "origin": [
        8,
        8,
        8
      ],
      "color": 0,
      "children": [
        {
          "name": "oct1",
          "origin": [
            8,
            8,
            8
          ],
          "color": 0,
          "children": [
            0,
            1,
            2,
            3
          ]
        },
        {
          "name": "oct2",
          "origin": [
            8,
            8,
            8
          ],
          "color": 0,
          "children": [
            4,
            5,
            6,
            7
          ]
        },
        {
          "name": "oct3",
          "origin": [
            8,
            8,
            8
          ],
          "color": 0,
          "children": [
            8,
            9,
            10,
            11
          ]
        }
      ]
    }
  ]
}