{
  "credit": "Made with Blockbench",
  "parent": "icbm_launch_pad",
  "elements": [
    {
      "from": [
        2,
        0.8,
        2
      ],
      "to": [
        14,
        1.8,
        14
      ],
      "faces": {
        "north": {
          "uv": [
            0,
            0,
            12,
            1
          ],
          "texture": "#0"
        },
        "east": {
          "uv": [
            0,
            0,
            12,
            1
          ],
          "texture": "#0"
        },
        "south": {
          "uv": [
            0,
            0,
            12,
            1
          ],
          "texture": "#0"
        },
        "west": {
          "uv": [
            0,
            0,
            12,
            1
          ],
          "texture": "#0"
        },
        "up": {
          "uv": [
            0,
            0,
            12,
            12
          ],
          "texture": "#0"
        },
        "down": {
          "uv": [
            0,
            0,
            12,
            12
          ],
          "texture": "#0"
        }
      }
    },
    {
      "from": [
        1,
        0,
        1
      ],
      "to": [
        15,
        1,
        15
      ],
      "faces": {
        "north": {
          "uv": [
            0,
            0,
            14,
            1
          ],
          "texture": "#0"
        },
        "east": {
          "uv": [
            0,
            0,
            14,
            1
          ],
          "texture": "#0"
        },
        "south": {
          "uv": [
            0,
            0,
            14,
            1
          ],
          "texture": "#0"
        },
        "west": {
          "uv": [
            0,
            0,
            14,
            1
          ],
          "texture": "#0"
        },
        "up": {
          "uv": [
            0,
            0,
            14,
            14
          ],
          "texture": "#0"
        },
        "down": {
          "uv": [
            0,
            0,
            14,
            14
          ],
          "texture": "#0"
        }
      }
    }
  ],
  "groups": [
    {
      "name": "all",
      "origin": [
        0,
        0,
        0
      ],
      "color": 0,
      "children": [
        0,
        1
      ]
    }
  ]
}