{
  "_fv": 43,
  "_type": "recipe",
  "definition": {
    "recipeType": "Crafting",
    "recipeRetstackSize": 1,
    "group": "",
    "cookingBookCategory": "MISC",
    "xpReward": 0.0,
    "cookingTime": 200,
    "craftingBookCategory": "MISC",
    "recipeShapeless": false,
    "recipeSlots": [
      {
        "value": "Items.ENDER_EYE"
      },
      {
        "value": "Blocks.COPPER_BLOCK"
      },
      {
        "value": "Blocks.COPPER_BLOCK"
      },
      {
        "value": ""
      },
      {
        "value": "Blocks.IRON_BLOCK"
      },
      {
        "value": ""
      },
      {
        "value": "Blocks.OBSIDIAN"
      },
      {
        "value": "Blocks.OBSIDIAN"
      },
      {
        "value": "Blocks.OBSIDIAN"
      }
    ],
    "recipeReturnStack": {
      "value": "CUSTOM:MeteorDefenseLaser"
    },
    "name": "meteor_defense_laser_recipe",
    "namespace": "mod"
  }
}