{
  "_fv": 43,
  "_type": "structure",
  "definition": {
    "structure": "meteor_worldgen_block_structure",
    "randomlyRotateStructure": false,
    "surfaceDetectionType": "First motion blocking block",
    "spawnProbability": 550,
    "minCountPerChunk": 1,
    "maxCountPerChunk": 1,
    "spawnLocation": "Ground",
    "spawnHeightOffset": 0,
    "spawnXOffset": 0,
    "spawnZOffset": 0,
    "spawnWorldTypes": [
      "Surface"
    ],
    "restrictionBlocks": [],
    "restrictionBiomes": [],
    "ignoreBlocks": "STRUCTURE_BLOCK",
    "onStructureGenerated": {
      "name": "MeteorWorldGenBlockUpdateTick"
    }
  }
}