{
  "_fv": 43,
  "_type": "particle",
  "definition": {
    "texture": "large_stone_meteor_spawner.png",
    "animate": false,
    "frameDuration": 1,
    "width": 0.2,
    "height": 0.2,
    "scale": 10.0,
    "speedFactor": 3.0,
    "gravity": 0.1,
    "maxAge": 1200,
    "maxAgeDiff": 0,
    "angularVelocity": 0.0,
    "angularAcceleration": 0.0,
    "canCollide": true,
    "alwaysShow": true,
    "renderType": "OPAQUE",
    "additionalExpiryCondition": {
      "name": "MeteorParticleExpiryCondition"
    }
  }
}