{
	"credit": "Made with Blockbench",
	"parent": "icbm_computer",
	"textures": {
		"0": "texture/icbm_computer_texture",
		"particle": "texture/icbm_computer_texture"
	},
	"elements": [
		{
			"from": [5, 0, 5],
			"to": [11, 3, 11],
			"faces": {
				"north": {"uv": [0, 0, 6, 3], "texture": "#0"},
				"east": {"uv": [0, 0, 6, 3], "texture": "#0"},
				"south": {"uv": [0, 0, 6, 3], "texture": "#0"},
				"west": {"uv": [0, 0, 6, 3], "texture": "#0"},
				"up": {"uv": [0, 0, 6, 6], "texture": "#0"},
				"down": {"uv": [0, 0, 6, 6], "texture": "#0"}
			}
		},
		{
			"from": [7, 3, 7],
			"to": [9, 11, 9],
			"faces": {
				"north": {"uv": [0, 0, 2, 8], "texture": "#0"},
				"east": {"uv": [0, 0, 2, 8], "texture": "#0"},
				"south": {"uv": [0, 0, 2, 8], "texture": "#0"},
				"west": {"uv": [0, 0, 2, 8], "texture": "#0"},
				"up": {"uv": [0, 0, 2, 2], "texture": "#0"},
				"down": {"uv": [0, 0, 2, 2], "texture": "#0"}
			}
		},
		{
			"from": [3, 10, 6],
			"to": [13, 21, 9],
			"rotation": {"angle": 22.5, "axis": "x", "origin": [8, 16.5, 8.5]},
			"faces": {
				"north": {"uv": [0, 0, 10, 10], "texture": "#0"},
				"east": {"uv": [0, 0, 3, 11], "texture": "#0"},
				"south": {"uv": [0, 0, 10, 11], "texture": "#0"},
				"west": {"uv": [0, 0, 3, 11], "texture": "#0"},
				"up": {"uv": [0, 0, 10, 3], "texture": "#0"},
				"down": {"uv": [0, 0, 10, 3], "texture": "#0"}
			}
		},
		{
			"from": [4, 12, 5],
			"to": [12, 19, 6],
			"rotation": {"angle": 22.5, "axis": "x", "origin": [8, 16.5, 8.5]},
			"faces": {
				"north": {"uv": [9, 10, 16, 16], "texture": "#0"},
				"east": {"uv": [0, 0, 1, 9], "texture": "#0"},
				"south": {"uv": [0, 0, 8, 9], "texture": "#0"},
				"west": {"uv": [0, 0, 1, 9], "texture": "#0"},
				"up": {"uv": [0, 0, 8, 1], "texture": "#0"},
				"down": {"uv": [0, 0, 8, 1], "texture": "#0"}
			}
		},
		{
			"from": [4, 11, 9],
			"to": [12, 21, 15],
			"rotation": {"angle": 22.5, "axis": "x", "origin": [8, 16.5, 8.5]},
			"faces": {
				"north": {"uv": [0, 0, 8, 10], "texture": "#0"},
				"east": {"uv": [0, 0, 6, 10], "texture": "#0"},
				"south": {"uv": [0, 0, 8, 10], "texture": "#0"},
				"west": {"uv": [0, 0, 6, 10], "texture": "#0"},
				"up": {"uv": [0, 0, 8, 6], "texture": "#0"},
				"down": {"uv": [0, 0, 8, 6], "texture": "#0"}
			}
		}
	],
	"groups": [
		{
			"name": "all",
			"origin": [0, 0, 0],
			"color": 0,
			"children": [0, 1,
				{
					"name": "screen",
					"origin": [0, 0, 0],
					"color": 0,
					"children": [2, 3]
				},
				{
					"name": "screen",
					"origin": [0, 0, 0],
					"color": 0,
					"children": [4]
				}
			]
		}
	]
}