{
  "_fv": 43,
  "_type": "livingentity",
  "definition": {
    "mobName": "Day Rad Zombie",
    "mobLabel": "",
    "mobModelName": "Modelrad_zombie",
    "mobModelTexture": "day_rad_zombie_texture.png",
    "mobModelGlowTexture": "",
    "solidBoundingBox": {
      "fixedValue": false
    },
    "modelWidth": 0.6,
    "modelHeight": 1.8,
    "modelShadowSize": 0.5,
    "mountedYOffset": 0.0,
    "hasSpawnEgg": true,
    "spawnEggBaseColor": {
      "value": -13408768,
      "falpha": 0.0
    },
    "spawnEggDotColor": {
      "value": -10066432,
      "falpha": 0.0
    },
    "creativeTab": {
      "value": "CUSTOM:StevesWastelandCreativeTab"
    },
    "isBoss": false,
    "bossBarColor": "PINK",
    "bossBarType": "PROGRESS",
    "equipmentMainHand": {
      "value": ""
    },
    "equipmentOffHand": {
      "value": ""
    },
    "equipmentHelmet": {
      "value": ""
    },
    "equipmentBody": {
      "value": ""
    },
    "equipmentLeggings": {
      "value": ""
    },
    "equipmentBoots": {
      "value": ""
    },
    "mobBehaviourType": "Creature",
    "mobCreatureType": "UNDEFINED",
    "attackStrength": 3,
    "attackKnockback": 0.0,
    "knockbackResistance": 0.0,
    "movementSpeed": 0.3,
    "stepHeight": 0.6,
    "armorBaseValue": 0.5,
    "trackingRange": 64,
    "followRange": 32,
    "health": 10,
    "xpAmount": 1,
    "waterMob": false,
    "flyingMob": false,
    "guiBoundTo": "<NONE>",
    "inventorySize": 9,
    "inventoryStackSize": 64,
    "disableCollisions": false,
    "ridable": false,
    "canControlForward": false,
    "canControlStrafe": false,
    "immuneToFire": false,
    "immuneToArrows": false,
    "immuneToFallDamage": false,
    "immuneToCactus": false,
    "immuneToDrowning": false,
    "immuneToLightning": false,
    "immuneToPotions": false,
    "immuneToPlayer": false,
    "immuneToExplosion": false,
    "immuneToTrident": false,
    "immuneToAnvil": false,
    "immuneToWither": false,
    "immuneToDragonBreath": false,
    "mobDrop": {
      "value": "Items.ROTTEN_FLESH"
    },
    "livingSound": {
      "value": "entity.zombie.ambient"
    },
    "hurtSound": {
      "value": "entity.zombie.hurt"
    },
    "deathSound": {
      "value": "entity.zombie.death"
    },
    "stepSound": {
      "value": "entity.zombie.step"
    },
    "whenThisMobKillsAnother": {
      "name": "RadZombieThisEntityKillsAnotherOne"
    },
    "onMobTickUpdate": {
      "name": "DayRadZombieOnEntityTickUpdate"
    },
    "onInitialSpawn": {
      "name": "RadZombieOnInitialEntitySpawn"
    },
    "hasAI": false,
    "aiBase": "(none)",
    "aixml": "<xml xmlns=\"https://developers.google.com/blockly/xml\"><block type=\"aitasks_container\" deletable=\"false\" x=\"332\" y=\"80\"></block><block type=\"attack_on_collide\" x=\"739\" y=\"80\"><field name=\"speed\">1.2</field><field name=\"longmemory\">FALSE</field><field name=\"condition\">null,null</field><next><block type=\"wander\"><field name=\"speed\">1</field><field name=\"condition\">null,null</field><next><block type=\"attack_entity\"><field name=\"insight\">FALSE</field><field name=\"nearby\">FALSE</field><field name=\"entity\">EntityAnimal</field><field name=\"condition\">null,null</field><next><block type=\"attack_entity\"><field name=\"insight\">FALSE</field><field name=\"nearby\">FALSE</field><field name=\"entity\">EntityWanderingTrader</field><field name=\"condition\">null,null</field><next><block type=\"attack_entity\"><field name=\"insight\">FALSE</field><field name=\"nearby\">FALSE</field><field name=\"entity\">EntityPillager</field><field name=\"condition\">null,null</field><next><block type=\"attack_entity\"><field name=\"insight\">FALSE</field><field name=\"nearby\">FALSE</field><field name=\"entity\">EntityVillager</field><field name=\"condition\">null,null</field><next><block type=\"attack_entity\"><field name=\"insight\">FALSE</field><field name=\"nearby\">FALSE</field><field name=\"entity\">EntityPlayerMP</field><field name=\"condition\">null,null</field><next><block type=\"attack_entity\"><field name=\"insight\">FALSE</field><field name=\"nearby\">FALSE</field><field name=\"entity\">EntityPlayer</field><field name=\"condition\">null,null</field><next><block type=\"break_blocks\"><field name=\"speed\">1</field><field name=\"y_max\">3</field><field name=\"condition\">null,null</field><value name=\"block\"><block type=\"mcitem_allblocks\"><field name=\"value\">Blocks.OAK_DOOR</field></block></value><next><block type=\"break_blocks\"><field name=\"speed\">1</field><field name=\"y_max\">3</field><field name=\"condition\">null,null</field><value name=\"block\"><block type=\"mcitem_allblocks\"><field name=\"value\">Blocks.SPRUCE_DOOR</field></block></value><next><block type=\"break_blocks\"><field name=\"speed\">1</field><field name=\"y_max\">3</field><field name=\"condition\">null,null</field><value name=\"block\"><block type=\"mcitem_allblocks\"><field name=\"value\">Blocks.BIRCH_DOOR</field></block></value><next><block type=\"break_blocks\"><field name=\"speed\">1</field><field name=\"y_max\">3</field><field name=\"condition\">null,null</field><value name=\"block\"><block type=\"mcitem_allblocks\"><field name=\"value\">Blocks.JUNGLE_DOOR</field></block></value><next><block type=\"break_blocks\"><field name=\"speed\">1</field><field name=\"y_max\">3</field><field name=\"condition\">null,null</field><value name=\"block\"><block type=\"mcitem_allblocks\"><field name=\"value\">Blocks.ACACIA_DOOR</field></block></value><next><block type=\"break_blocks\"><field name=\"speed\">1</field><field name=\"y_max\">3</field><field name=\"condition\">null,null</field><value name=\"block\"><block type=\"mcitem_allblocks\"><field name=\"value\">Blocks.DARK_OAK_DOOR</field></block></value><next><block type=\"break_blocks\"><field name=\"speed\">1</field><field name=\"y_max\">3</field><field name=\"condition\">null,null</field><value name=\"block\"><block type=\"mcitem_allblocks\"><field name=\"value\">Blocks.MANGROVE_DOOR</field></block></value><next><block type=\"follow_entity\"><field name=\"speed\">1</field><field name=\"maxrange\">10</field><field name=\"followarea\">5</field><field name=\"condition\">null,null</field><next><block type=\"move_indoors\"><field name=\"condition\">null,null</field><next><block type=\"attack_action\"><field name=\"callhelp\">FALSE</field><field name=\"condition\">null,null</field><next><block type=\"look_around\"><field name=\"condition\">null,null</field><next><block type=\"swim_in_water\"><field name=\"condition\">null,null</field></block></next></block></next></block></next></block></next></block></next></block></next></block></next></block></next></block></next></block></next></block></next></block></next></block></next></block></next></block></next></block></next></block></next></block></next></block></next></block></xml>",
    "breedable": false,
    "tameable": false,
    "breedTriggerItems": [],
    "ranged": false,
    "rangedAttackItem": {
      "value": ""
    },
    "rangedItemType": "Default item",
    "rangedAttackInterval": 20,
    "rangedAttackRadius": 10.0,
    "spawnThisMob": false,
    "doesDespawnWhenIdle": true,
    "spawningProbability": 80,
    "mobSpawningType": "creature",
    "minNumberOfMobsPerGroup": 4,
    "maxNumberOfMobsPerGroup": 16,
    "restrictionBiomes": [],
    "spawnInDungeons": false
  }
}