{
  "_fv": 43,
  "_type": "feature",
  "definition": {
    "generationStep": "VEGETAL_DECORATION",
    "restrictionDimensions": [
      "Surface"
    ],
    "restrictionBiomes": [
      {
        "value": "CUSTOM:DeadLandsBiome"
      },
      {
        "value": "CUSTOM:RuinedWoodsBiome"
      }
    ],
    "featurexml": "<xml xmlns=\"https://developers.google.com/blockly/xml\"><block type=\"feature_container\" deletable=\"false\" x=\"200\" y=\"96\"><value name=\"feature\"><block type=\"feature_block_column_simple\"><value name=\"height\"><block type=\"int_provider_uniform\"><field name=\"min\">5</field><field name=\"max\">9</field></block></value><value name=\"block\"><block type=\"mcitem_allblocks\"><field name=\"value\">CUSTOM:DeadWoodLogBlock</field></block></value></block></value><next><block type=\"placement_rarity\"><field name=\"rarity\">75</field><next><block type=\"placement_heightmap\"><field name=\"heightmap\">OCEAN_FLOOR_WG</field></block></next></block></next></block><block type=\"int_provider_constant\" x=\"736\" y=\"286\"><field name=\"value\">5</field></block></xml>"
  }
}