{
  "_fv": 43,
  "_type": "recipe",
  "definition": {
    "recipeType": "Campfire cooking",
    "recipeRetstackSize": 1,
    "group": "",
    "cookingBookCategory": "MISC",
    "xpReward": 0.5,
    "cookingTime": 1200,
    "craftingBookCategory": "MISC",
    "recipeShapeless": false,
    "campfireCookingInputStack": {
      "value": "Items.ROTTEN_FLESH"
    },
    "campfireCookingReturnStack": {
      "value": "CUSTOM:MonsterJerky"
    },
    "name": "monster_jerky_campfire_recipe",
    "namespace": "mod"
  }
}