{
  "_fv": 43,
  "_type": "potioneffect",
  "definition": {
    "effectName": "Rad Poisoning",
    "icon": "rad_poison_bubble.png",
    "color": {
      "value": -16738048,
      "falpha": 0.0
    },
    "isInstant": false,
    "isBad": true,
    "isBenefitical": false,
    "renderStatusInInventory": true,
    "renderStatusInHUD": false,
    "onStarted": {
      "name": "RadPoisoningEffectStartedapplied"
    },
    "onActiveTick": {
      "name": "RadPoisoningEffect"
    },
    "onExpired": {
      "name": "RadPoisoningEffectExpires"
    }
  }
}