{
  "_fv": 43,
  "_type": "fluid",
  "definition": {
    "name": "Rad Water",
    "bucketName": "Rad Water Bucket",
    "textureStill": "radwaterstill",
    "textureFlowing": "radwaterflow",
    "tintType": "Water",
    "canMultiply": false,
    "flowRate": 5,
    "levelDecrease": 1,
    "slopeFindDistance": 4,
    "spawnParticles": true,
    "dripParticle": {
      "value": "WATER_DROP"
    },
    "flowStrength": 1.0,
    "luminosity": 0,
    "density": 1000,
    "viscosity": 500,
    "temperature": 300,
    "type": "WATER",
    "generateBucket": true,
    "textureBucket": "",
    "creativeTab": {
      "value": "CUSTOM:StevesWastelandCreativeTab"
    },
    "emptySound": {
      "value": ""
    },
    "rarity": "COMMON",
    "specialInfo": [],
    "resistance": 100.0,
    "luminance": 0,
    "lightOpacity": 1,
    "emissiveRendering": false,
    "tickRate": 20,
    "flammability": 0,
    "fireSpreadSpeed": 0,
    "colorOnMap": "YELLOW",
    "onEntityCollides": {
      "name": "RadWaterMobplayerCollidesBlock"
    }
  }
}