{
  "parent": "block/cube",
  "textures": {
    "down": "steves_primitive_start:blocks/makeshift_planks",
    "up": "steves_primitive_start:blocks/makeshift_planks",
    "north": "steves_primitive_start:blocks/makeshift_planks",
    "east": "steves_primitive_start:blocks/makeshift_planks",
    "south": "steves_primitive_start:blocks/makeshift_planks",
    "west": "steves_primitive_start:blocks/makeshift_planks",
    "particle": "steves_primitive_start:blocks/makeshift_planks"
  },
  "render_type": "cutout"
}