{
  "parent": "block/cube",
  "textures": {
    "down": "steves_primitive_start:blocks/mishandled_log_top",
    "up": "steves_primitive_start:blocks/mishandled_log_top",
    "north": "steves_primitive_start:blocks/mishandled_log_side",
    "east": "steves_primitive_start:blocks/mishandled_log_side",
    "south": "steves_primitive_start:blocks/mishandled_log_side",
    "west": "steves_primitive_start:blocks/mishandled_log_side",
    "particle": "steves_primitive_start:blocks/mishandled_log_top"
  },
  "render_type": "solid"
}