{
  "parent": "block/cube",
  "textures": {
    "down": "steves_primitive_start:blocks/primitive_furnace_side",
    "up": "steves_primitive_start:blocks/primitive_furnace_side",
    "north": "steves_primitive_start:blocks/primitive_furnace_face",
    "east": "steves_primitive_start:blocks/primitive_furnace_side",
    "south": "steves_primitive_start:blocks/primitive_furnace_side",
    "west": "steves_primitive_start:blocks/primitive_furnace_side",
    "particle": "steves_primitive_start:blocks/primitive_furnace_side"
  },
  "render_type": "solid"
}