{
  "parent": "block/cube",
  "textures": {
    "down": "steves_primitive_start:blocks/primitive_glass",
    "up": "steves_primitive_start:blocks/primitive_glass",
    "north": "steves_primitive_start:blocks/primitive_glass",
    "east": "steves_primitive_start:blocks/primitive_glass",
    "south": "steves_primitive_start:blocks/primitive_glass",
    "west": "steves_primitive_start:blocks/primitive_glass",
    "particle": "steves_primitive_start:blocks/primitive_glass"
  },
  "render_type": "translucent"
}