{
  "group": "stevesicbm",
  "type": "minecraft:crafting_shaped",
  "pattern": [
    "012",
    "345",
    "678"
  ],
  "key": {
    "0": {
      "item": "minecraft:clock"
    },
    "1": {
      "item": "minecraft:clock"
    },
    "2": {
      "item": "minecraft:clock"
    },
    "3": {
      "item": "stevesicbm:chip_plate"
    },
    "4": {
      "item": "stevesicbm:hard_disk_drive"
    },
    "5": {
      "item": "stevesicbm:chip_plate"
    },
    "6": {
      "item": "stevesicbm:data_cable"
    },
    "7": {
      "item": "stevesicbm:hard_disk_drive"
    },
    "8": {
      "item": "stevesicbm:data_cable"
    }
  },
  "result": {
    "item": "stevesicbm:solid_state_drive",
    "count": 1
  }
}