{
  "args0": [
    {
      "type": "input_dummy",
      "name": "var"
    },
    {
      "type": "input_value",
      "name": "_placeholder",
      "check": "String"
    },
    {
      "type": "input_statement",
      "name": "foreach"
    }
  ],
  "extensions": [
    "file_variables"
  ],
  "mutator": "variable_entity_input",
  "inputsInline": true,
  "previousStatement": null,
  "nextStatement": null,
  "colour": 270,
  "mcreator": {
    "group": "txt",
    "toolbox_id": "file_manager",
    "toolbox_init": [
      "<value name=\"_placeholder\"><block deletable=\"false\" movable=\"false\" enabled=\"false\" type=\"string_iterator\"></block></value>"
    ],
    "fields": [
      "VAR"
    ],
    "statements": [
      {
        "name": "foreach"
      }
    ]
  }
}