{
  "args0": [
    {
      "type": "input_value",
      "name": "text",
      "check": "String"
    },
    {
      "type": "input_dummy",
      "name": "var"
    },
    {
      "type": "input_value",
      "name": "newLine",
      "check": "Boolean"
    }
  ],
  "extensions": [
    "file_variables"
  ],
  "mutator": "variable_entity_input",
  "inputsInline": true,
  "previousStatement": null,
  "nextStatement": null,
  "colour": 270,
  "mcreator": {
    "group": "txt",
    "toolbox_id": "file_manager",
    "toolbox_init": [
      "<value name=\"text\"><block type=\"text\"><field name=\"TEXT\">text</field></block></value>",
      "<value name=\"newLine\"><block type=\"logic_boolean\"><field name=\"BOOL\">FALSE</field></block></value>"
    ],
    "fields": [
      "VAR"
    ],
    "inputs": [
      "text",
      "newLine"
    ]
  }
}