{
  "_fv": 43,
  "_type": "plant",
  "definition": {
    "renderType": 2,
    "texture": "stick_block_texture",
    "textureBottom": "",
    "customModelName": "ground_stick4:default",
    "itemTexture": "",
    "particleTexture": "",
    "tintType": "No tint",
    "isItemTinted": false,
    "plantType": "normal",
    "staticPlantGenerationType": "Flower",
    "suspiciousStewEffect": "SPEED",
    "suspiciousStewDuration": 100,
    "growapableSpawnType": "Plains",
    "growapableMaxHeight": 3,
    "doublePlantGenerationType": "Flower",
    "customBoundingBox": true,
    "disableOffset": false,
    "boundingBoxes": [
      {
        "mx": 0.0,
        "my": 0.0,
        "mz": 0.0,
        "Mx": 16.0,
        "My": 1.0,
        "Mz": 16.0,
        "subtract": false
      }
    ],
    "name": "Ground Stick 3",
    "specialInfo": [],
    "creativeTab": {
      "value": "No creative tab entry"
    },
    "hardness": 0.0,
    "resistance": 0.0,
    "luminance": 0,
    "unbreakable": false,
    "isSolid": false,
    "isCustomSoundType": false,
    "soundOnStep": {
      "value": "WOOD"
    },
    "breakSound": {
      "value": ""
    },
    "stepSound": {
      "value": ""
    },
    "placeSound": {
      "value": ""
    },
    "hitSound": {
      "value": ""
    },
    "fallSound": {
      "value": ""
    },
    "useLootTableForDrops": false,
    "customDrop": {
      "value": "Items.STICK"
    },
    "dropAmount": 2,
    "forceTicking": false,
    "emissiveRendering": false,
    "hasTileEntity": false,
    "isReplaceable": false,
    "colorOnMap": "DEFAULT",
    "creativePickItem": {
      "value": "Items.STICK"
    },
    "offsetType": "XZ",
    "aiPathNodeType": "DEFAULT",
    "flammability": 100,
    "fireSpreadSpeed": 60,
    "jumpFactor": 1.0,
    "speedFactor": 1.0,
    "canBePlacedOn": [],
    "isBonemealable": false,
    "frequencyOnChunks": 9,
    "spawnWorldTypes": [
      "Surface"
    ],
    "restrictionBiomes": [],
    "patchSize": 6,
    "generateAtAnyHeight": false
  }
}