{
  "_fv": 43,
  "_type": "gui",
  "definition": {
    "type": 1,
    "width": 176,
    "height": 166,
    "inventoryOffsetX": 0,
    "inventoryOffsetY": 0,
    "renderBgLayer": true,
    "doesPauseGame": false,
    "components": [
      {
        "type": "inputslot",
        "data": {
          "inputLimit": {
            "value": ""
          },
          "disablePlacement": {
            "fixedValue": false
          },
          "id": 0,
          "disablePickup": {
            "fixedValue": false
          },
          "dropItemsWhenNotBound": true,
          "x": 204,
          "y": 98
        }
      },
      {
        "type": "inputslot",
        "data": {
          "inputLimit": {
            "value": ""
          },
          "disablePlacement": {
            "fixedValue": false
          },
          "id": 1,
          "disablePickup": {
            "fixedValue": false
          },
          "dropItemsWhenNotBound": true,
          "x": 204,
          "y": 53
        }
      },
      {
        "type": "outputslot",
        "data": {
          "id": 2,
          "disablePickup": {
            "fixedValue": false
          },
          "dropItemsWhenNotBound": true,
          "x": 258,
          "y": 80
        }
      },
      {
        "type": "image",
        "data": {
          "image": "furnace_cook_0.png",
          "use1Xscale": false,
          "displayCondition": {
            "name": "ReturnFurnaceCook0"
          },
          "x": 231,
          "y": 80
        }
      },
      {
        "type": "image",
        "data": {
          "image": "furnace_cook_1.png",
          "use1Xscale": false,
          "displayCondition": {
            "name": "ReturnFurnaceCook1"
          },
          "x": 231,
          "y": 80
        }
      },
      {
        "type": "image",
        "data": {
          "image": "furnace_cook_2.png",
          "use1Xscale": false,
          "displayCondition": {
            "name": "ReturnFurnaceCook2"
          },
          "x": 231,
          "y": 80
        }
      },
      {
        "type": "image",
        "data": {
          "image": "furnace_cook_3.png",
          "use1Xscale": false,
          "displayCondition": {
            "name": "ReturnFurnaceCook3"
          },
          "x": 231,
          "y": 80
        }
      },
      {
        "type": "image",
        "data": {
          "image": "furnace_cook_4.png",
          "use1Xscale": false,
          "displayCondition": {
            "name": "ReturnFurnaceCook4"
          },
          "x": 231,
          "y": 80
        }
      },
      {
        "type": "image",
        "data": {
          "image": "furnace_cook_5.png",
          "use1Xscale": false,
          "displayCondition": {
            "name": "ReturnFurnaceCook5"
          },
          "x": 231,
          "y": 80
        }
      },
      {
        "type": "image",
        "data": {
          "image": "furnace_cook_6.png",
          "use1Xscale": false,
          "displayCondition": {
            "name": "ReturnFurnaceCook6"
          },
          "x": 231,
          "y": 80
        }
      },
      {
        "type": "image",
        "data": {
          "image": "furnace_smelt_0.png",
          "use1Xscale": false,
          "displayCondition": {
            "name": "ReturnBurnLeft0"
          },
          "x": 204,
          "y": 80
        }
      },
      {
        "type": "image",
        "data": {
          "image": "furnace_smelt_1.png",
          "use1Xscale": false,
          "displayCondition": {
            "name": "ReturnBurnLeft1"
          },
          "x": 204,
          "y": 80
        }
      },
      {
        "type": "image",
        "data": {
          "image": "furnace_smelt_2.png",
          "use1Xscale": false,
          "displayCondition": {
            "name": "ReturnBurnLeft2"
          },
          "x": 204,
          "y": 80
        }
      },
      {
        "type": "image",
        "data": {
          "image": "furnace_smelt_3.png",
          "use1Xscale": false,
          "displayCondition": {
            "name": "ReturnBurnLeft3"
          },
          "x": 204,
          "y": 80
        }
      },
      {
        "type": "image",
        "data": {
          "image": "furnace_smelt_4.png",
          "use1Xscale": false,
          "displayCondition": {
            "name": "ReturnBurnLeft4"
          },
          "x": 204,
          "y": 80
        }
      },
      {
        "type": "image",
        "data": {
          "image": "furnace_smelt_5.png",
          "use1Xscale": false,
          "displayCondition": {
            "name": "ReturnBurnLeft5"
          },
          "x": 204,
          "y": 80
        }
      },
      {
        "type": "image",
        "data": {
          "image": "furnace_smelt_6.png",
          "use1Xscale": false,
          "displayCondition": {
            "name": "ReturnBurnLeft6"
          },
          "x": 204,
          "y": 80
        }
      },
      {
        "type": "outputslot",
        "data": {
          "id": 3,
          "disablePickup": {
            "fixedValue": false
          },
          "dropItemsWhenNotBound": true,
          "x": 276,
          "y": 80
        }
      }
    ],
    "gridSettings": {
      "sx": 18,
      "sy": 18,
      "ox": 11,
      "oy": 15,
      "snapOnGrid": true
    }
  }
}