{
  "_fv": 43,
  "_type": "gui",
  "definition": {
    "type": 0,
    "width": 288,
    "height": 193,
    "inventoryOffsetX": 0,
    "inventoryOffsetY": 0,
    "renderBgLayer": true,
    "doesPauseGame": false,
    "components": [
      {
        "type": "label",
        "data": {
          "name": "label_primitive_furnace_recipes",
          "text": {
            "fixedValue": "Primitive Furnace Recipes"
          },
          "color": {
            "value": -16777216,
            "falpha": 0.0
          },
          "x": 78,
          "y": 35
        }
      },
      {
        "type": "label",
        "data": {
          "name": "label_all_recipes_have_different_chanc",
          "text": {
            "fixedValue": "All recipes have different chances to fail and ash"
          },
          "color": {
            "value": -10092544,
            "falpha": 0.0
          },
          "x": 78,
          "y": 53
        }
      },
      {
        "type": "label",
        "data": {
          "name": "label_iron_oreraw_iron_iron_ingot",
          "text": {
            "fixedValue": "Iron ore/Raw Iron -> Iron Ingot"
          },
          "color": {
            "value": -12829636,
            "falpha": 0.0
          },
          "x": 78,
          "y": 71
        }
      },
      {
        "type": "label",
        "data": {
          "name": "label_raw_iron_chunk_iron_nugget",
          "text": {
            "fixedValue": "Raw Iron Chunk -> Iron Nugget"
          },
          "color": {
            "value": -12829636,
            "falpha": 0.0
          },
          "x": 78,
          "y": 89
        }
      },
      {
        "type": "label",
        "data": {
          "name": "label_sand_primitive_glass",
          "text": {
            "fixedValue": "Sand -> Primitive Glass"
          },
          "color": {
            "value": -12829636,
            "falpha": 0.0
          },
          "x": 78,
          "y": 107
        }
      },
      {
        "type": "label",
        "data": {
          "name": "label_clay_brick",
          "text": {
            "fixedValue": "Clay -> Brick"
          },
          "color": {
            "value": -12829636,
            "falpha": 0.0
          },
          "x": 78,
          "y": 125
        }
      },
      {
        "type": "label",
        "data": {
          "name": "label_cobblestone_boulder_stone",
          "text": {
            "fixedValue": "Cobblestone Boulder -> Stone"
          },
          "color": {
            "value": -12829636,
            "falpha": 0.0
          },
          "x": 78,
          "y": 143
        }
      },
      {
        "type": "label",
        "data": {
          "name": "label_stone_boulder_smooth_stone",
          "text": {
            "fixedValue": "Stone Boulder -> Smooth Stone"
          },
          "color": {
            "value": -12829636,
            "falpha": 0.0
          },
          "x": 78,
          "y": 161
        }
      },
      {
        "type": "label",
        "data": {
          "name": "label_ash_can_be_used_to_craft_bonemea",
          "text": {
            "fixedValue": "Ash can be used to craft bonemeal"
          },
          "color": {
            "value": -16750951,
            "falpha": 0.0
          },
          "x": 123,
          "y": 197
        }
      }
    ],
    "gridSettings": {
      "sx": 18,
      "sy": 18,
      "ox": 11,
      "oy": 15,
      "snapOnGrid": true
    }
  }
}