{
  "_fv": 43,
  "_type": "tool",
  "definition": {
    "renderType": 0,
    "texture": "rock_axe",
    "customModelName": "Normal",
    "name": "Rock Axe",
    "specialInfo": [],
    "creativeTab": {
      "value": "CUSTOM:StevesPrimitiveStartCreativeTab"
    },
    "toolType": "Axe",
    "harvestLevel": 0,
    "efficiency": 1.0,
    "attackSpeed": 1.0,
    "enchantability": 0,
    "damageVsEntity": 3.0,
    "usageCount": 10,
    "blocksAffected": [],
    "hasGlow": false,
    "repairItems": [],
    "immuneToFire": false,
    "stayInGridWhenCrafting": false,
    "damageOnCrafting": false
  }
}