{
  "_fv": 43,
  "_type": "rangeditem",
  "definition": {
    "renderType": 1,
    "texture": "stone_spear_texture",
    "customModelName": "stone_spear_item:default",
    "name": "Stone-Tipped Spear",
    "specialInfo": [],
    "creativeTab": {
      "value": "CUSTOM:StevesPrimitiveStartCreativeTab"
    },
    "stackSize": 1,
    "ammoItem": {
      "value": "CUSTOM:StoneTippedSpear"
    },
    "shootConstantly": false,
    "usageCount": 1,
    "actionSound": {
      "value": "CUSTOM:spear_chuck"
    },
    "hasGlow": false,
    "animation": "spear",
    "enableMeleeDamage": true,
    "damageVsEntity": 3.5,
    "onRangedItemUsed": {
      "name": "WoodenSpearRangedItemUsed"
    },
    "bulletPower": 1.0,
    "bulletDamage": 6.0,
    "bulletKnockback": 3,
    "bulletParticles": false,
    "bulletIgnitesFire": false,
    "bulletItemTexture": {
      "value": ""
    },
    "bulletModel": "Modelstone_spear_entity",
    "customBulletModelTexture": "stone_spear_entity_texture.png",
    "onBulletHitsBlock": {
      "name": "StoneTippedSpearProjectileHitsBlock"
    }
  }
}