{
  "_fv": 43,
  "_type": "gui",
  "definition": {
    "type": 0,
    "width": 224,
    "height": 200,
    "inventoryOffsetX": 0,
    "inventoryOffsetY": 0,
    "renderBgLayer": true,
    "doesPauseGame": false,
    "components": [
      {
        "type": "label",
        "data": {
          "name": "label_survival_guide",
          "text": {
            "fixedValue": "Survival Guide"
          },
          "color": {
            "value": -16777216,
            "falpha": 0.0
          },
          "x": 114,
          "y": 26
        }
      },
      {
        "type": "label",
        "data": {
          "name": "label_find_rocks_and_sticks_by_foragin",
          "text": {
            "fixedValue": "Find rocks and sticks by foraging"
          },
          "color": {
            "value": -12829636,
            "falpha": 0.0
          },
          "x": 114,
          "y": 44
        }
      },
      {
        "type": "label",
        "data": {
          "name": "label_hit_small_rocks_on_stone_to_shar",
          "text": {
            "fixedValue": "Hit rocks or flint on stone to sharpen"
          },
          "color": {
            "value": -12829636,
            "falpha": 0.0
          },
          "x": 114,
          "y": 62
        }
      },
      {
        "type": "label",
        "data": {
          "name": "label_rock_axe_can_be_crafted_in_inven",
          "text": {
            "fixedValue": "Rock axe can be crafted in inventory"
          },
          "color": {
            "value": -12829636,
            "falpha": 0.0
          },
          "x": 114,
          "y": 80
        }
      },
      {
        "type": "label",
        "data": {
          "name": "label_attempt_to_get_wood_and_crafting",
          "text": {
            "fixedValue": "Attempt to get wood and crafting table"
          },
          "color": {
            "value": -12829636,
            "falpha": 0.0
          },
          "x": 114,
          "y": 98
        }
      },
      {
        "type": "label",
        "data": {
          "name": "label_flint_tools_are_useful",
          "text": {
            "fixedValue": "Flint tools are useful"
          },
          "color": {
            "value": -12829636,
            "falpha": 0.0
          },
          "x": 114,
          "y": 116
        }
      },
      {
        "type": "label",
        "data": {
          "name": "label_clay_blocks_on_campfire_makes_br",
          "text": {
            "fixedValue": "Clay blocks on campfire makes bricks"
          },
          "color": {
            "value": -12829636,
            "falpha": 0.0
          },
          "x": 114,
          "y": 134
        }
      },
      {
        "type": "label",
        "data": {
          "name": "label_smelt_boulders_in_a_primitive_fu",
          "text": {
            "fixedValue": "Smelt boulders in a Primitive Furnace"
          },
          "color": {
            "value": -12829636,
            "falpha": 0.0
          },
          "x": 114,
          "y": 152
        }
      },
      {
        "type": "button",
        "data": {
          "name": "button_show_primitive_furnace_recipes",
          "text": "Show Primitive Furnace Recipes",
          "onClick": {
            "name": "OpenPrimitiveFurnaceRecipesGUI"
          },
          "width": 181,
          "height": 20,
          "x": 123,
          "y": 188
        }
      },
      {
        "type": "label",
        "data": {
          "name": "label_dont_punch_trees_or_hard_ground",
          "text": {
            "fixedValue": "Dont punch trees or hard ground"
          },
          "color": {
            "value": -10092544,
            "falpha": 0.0
          },
          "x": 132,
          "y": 170
        }
      }
    ],
    "gridSettings": {
      "sx": 18,
      "sy": 18,
      "ox": 11,
      "oy": 15,
      "snapOnGrid": true
    }
  }
}