{
  "_fv": 43,
  "_type": "rangeditem",
  "definition": {
    "renderType": 1,
    "texture": "wooden_spear_texture",
    "customModelName": "wooden_spear_item:default",
    "name": "Wooden Spear",
    "specialInfo": [],
    "creativeTab": {
      "value": "CUSTOM:StevesPrimitiveStartCreativeTab"
    },
    "stackSize": 1,
    "ammoItem": {
      "value": "CUSTOM:WoodenSpear"
    },
    "shootConstantly": false,
    "usageCount": 10,
    "actionSound": {
      "value": "CUSTOM:spear_chuck"
    },
    "hasGlow": false,
    "animation": "spear",
    "enableMeleeDamage": true,
    "damageVsEntity": 2.5,
    "onRangedItemUsed": {
      "name": "WoodenSpearRangedItemUsed"
    },
    "bulletPower": 1.0,
    "bulletDamage": 4.0,
    "bulletKnockback": 3,
    "bulletParticles": false,
    "bulletIgnitesFire": false,
    "bulletItemTexture": {
      "value": ""
    },
    "bulletModel": "Modelwooden_spear_entity2",
    "customBulletModelTexture": "wooden_spear_entity_texture.png",
    "onBulletHitsBlock": {
      "name": "WoodenSpearProjectileHitsBlock"
    }
  }
}