{
  "display": {
    "icon": {
      "item": "minecraft:campfire"
    },
    "title": {
      "translate": "advancements.campfire_achievement.title"
    },
    "description": {
      "translate": "advancements.campfire_achievement.descr"
    },
    "frame": "task",
    "show_toast": true,
    "announce_to_chat": true,
    "hidden": false
  },
  "criteria": {
    "campfire_achievement": {
      "trigger": "minecraft:inventory_changed",
      "conditions": {
        "items": [
          {
            "items": [
              "minecraft:campfire"
            ],
            "count": {
              "min": 1,
              "max": 1
            }
          }
        ]
      }
    }
  },
  "rewards": {
    "experience": 1
  },
  "parent": "minecraft:story/root"
}