{
  "display": {
    "icon": {
      "item": "minecraft:furnace"
    },
    "title": {
      "translate": "advancements.hot_topic_achievement.title"
    },
    "description": {
      "translate": "advancements.hot_topic_achievement.descr"
    },
    "frame": "task",
    "show_toast": true,
    "announce_to_chat": true,
    "hidden": false
  },
  "criteria": {
    "hot_topic_achievement": {
      "trigger": "minecraft:inventory_changed",
      "conditions": {
        "items": [
          {
            "items": [
              "minecraft:furnace"
            ],
            "count": {
              "min": 1,
              "max": 1
            }
          }
        ]
      }
    }
  },
  "rewards": {
    "experience": 5
  },
  "parent": "steves_primitive_start:prim_furnace_achievement"
}