{
  "display": {
    "icon": {
      "item": "steves_primitive_start:primitive_furnace"
    },
    "title": {
      "translate": "advancements.prim_furnace_achievement.title"
    },
    "description": {
      "translate": "advancements.prim_furnace_achievement.descr"
    },
    "frame": "task",
    "show_toast": true,
    "announce_to_chat": true,
    "hidden": false
  },
  "criteria": {
    "prim_furnace_achievement": {
      "trigger": "minecraft:inventory_changed",
      "conditions": {
        "items": [
          {
            "items": [
              "steves_primitive_start:primitive_furnace"
            ],
            "count": {
              "min": 1,
              "max": 1
            }
          }
        ]
      }
    }
  },
  "rewards": {
    "experience": 1
  },
  "parent": "steves_primitive_start:campfire_achievement"
}