{
  "type": "minecraft:crafting_shaped",
  "pattern": [
    " 1 ",
    "345",
    "678"
  ],
  "key": {
    "1": {
      "item": "minecraft:ender_eye"
    },
    "3": {
      "item": "minecraft:iron_ingot"
    },
    "4": {
      "item": "minecraft:diamond_block"
    },
    "5": {
      "item": "minecraft:iron_ingot"
    },
    "6": {
      "item": "minecraft:iron_ingot"
    },
    "7": {
      "item": "minecraft:glass_pane"
    },
    "8": {
      "item": "minecraft:iron_ingot"
    }
  },
  "result": {
    "item": "steves_meteors:meteor_detector_computer",
    "count": 1
  }
}