{
  "_fv": 24,
  "_type": "recipe",
  "definition": {
    "recipeType": "Crafting",
    "xpReward": 0.0,
    "cookingTime": 200,
    "recipeRetstackSize": 1,
    "group": "",
    "recipeShapeless": false,
    "recipeSlots": [
      {
        "value": "CUSTOM:PowerSupply"
      },
      {
        "value": "CUSTOM:CPU"
      },
      {
        "value": "CUSTOM:HardDiskDrive"
      },
      {
        "value": "CUSTOM:PowerCable"
      },
      {
        "value": "CUSTOM:Motherboard"
      },
      {
        "value": "CUSTOM:GPU"
      },
      {
        "value": "CUSTOM:DataCable"
      },
      {
        "value": "CUSTOM:ComputerCase"
      },
      {
        "value": "CUSTOM:RAMStick"
      }
    ],
    "recipeReturnStack": {
      "value": "CUSTOM:BasicComputer"
    },
    "name": "basic_computer_recipe",
    "namespace": "mod"
  }
}