{
  "_fv": 24,
  "_type": "livingentity",
  "definition": {
    "mobName": "Boring Tank",
    "mobLabel": "",
    "mobModelName": "Modelboring_tank2",
    "mobModelTexture": "boring_tank_texture.png",
    "mobModelGlowTexture": "",
    "modelWidth": 2.0,
    "modelHeight": 2.0,
    "modelShadowSize": 0.5,
    "mountedYOffset": -0.5,
    "hasSpawnEgg": false,
    "spawnEggBaseColor": {
      "value": -13421773,
      "falpha": 0.0
    },
    "spawnEggDotColor": {
      "value": -3355444,
      "falpha": 0.0
    },
    "creativeTab": {
      "value": "CUSTOM:StevesICBM"
    },
    "isBoss": false,
    "bossBarColor": "PINK",
    "bossBarType": "PROGRESS",
    "equipmentMainHand": {
      "value": ""
    },
    "equipmentOffHand": {
      "value": ""
    },
    "equipmentHelmet": {
      "value": ""
    },
    "equipmentBody": {
      "value": ""
    },
    "equipmentLeggings": {
      "value": ""
    },
    "equipmentBoots": {
      "value": ""
    },
    "mobBehaviourType": "Creature",
    "mobCreatureType": "UNDEFINED",
    "attackStrength": 3,
    "attackKnockback": 0.0,
    "knockbackResistance": 0.5,
    "movementSpeed": 0.3,
    "armorBaseValue": 0.0,
    "trackingRange": 64,
    "health": 50,
    "xpAmount": 0,
    "waterMob": false,
    "flyingMob": false,
    "guiBoundTo": "BoringTankGUI",
    "inventorySize": 1,
    "inventoryStackSize": 64,
    "disableCollisions": false,
    "ridable": true,
    "canControlForward": true,
    "canControlStrafe": true,
    "immuneToFire": true,
    "immuneToArrows": false,
    "immuneToFallDamage": false,
    "immuneToCactus": true,
    "immuneToDrowning": true,
    "immuneToLightning": false,
    "immuneToPotions": true,
    "immuneToPlayer": true,
    "immuneToExplosion": false,
    "immuneToTrident": false,
    "immuneToAnvil": false,
    "immuneToWither": true,
    "immuneToDragonBreath": false,
    "mobDrop": {
      "value": "CUSTOM:BoringTankItem"
    },
    "livingSound": {
      "value": ""
    },
    "hurtSound": {
      "value": "CUSTOM:bore_smack"
    },
    "deathSound": {
      "value": "CUSTOM:bore_smack"
    },
    "stepSound": {
      "value": "CUSTOM:bore_moving"
    },
    "spawnParticles": false,
    "particleToSpawn": {
      "value": "CUSTOM:IcbmSmokeParticle"
    },
    "particleSpawningShape": "Spread",
    "particleSpawningRadious": 0.5,
    "particleAmount": 4,
    "onStruckByLightning": {
      "name": "BoringTankEntityDies"
    },
    "whenMobDies": {
      "name": "BoringTankEntityDies"
    },
    "onRightClickedOn": {
      "name": "BoringTankRightClickedOnEntity"
    },
    "onMobTickUpdate": {
      "name": "BoringTankOnEntityTickUpdate"
    },
    "onInitialSpawn": {
      "name": "BoringTankOnInitialEntitySpawn"
    },
    "hasAI": true,
    "aiBase": "(none)",
    "aixml": "<xml xmlns=\"https://developers.google.com/blockly/xml\"><block type=\"aitasks_container\" deletable=\"false\" x=\"40\" y=\"40\"></block></xml>",
    "breedable": false,
    "tameable": false,
    "breedTriggerItems": [],
    "ranged": false,
    "rangedAttackItem": {
      "value": ""
    },
    "rangedItemType": "Default item",
    "spawnThisMob": false,
    "doesDespawnWhenIdle": false,
    "spawningProbability": 20,
    "mobSpawningType": "monster",
    "minNumberOfMobsPerGroup": 4,
    "maxNumberOfMobsPerGroup": 4,
    "restrictionBiomes": [],
    "spawnInDungeons": false
  }
}