{
  "_fv": 24,
  "_type": "recipe",
  "definition": {
    "recipeType": "Crafting",
    "xpReward": 0.0,
    "cookingTime": 200,
    "recipeRetstackSize": 1,
    "group": "",
    "recipeShapeless": false,
    "recipeSlots": [
      {
        "value": "Items.DYE#18"
      },
      {
        "value": "CUSTOM:GoldWire"
      },
      {
        "value": "Items.DYE#18"
      },
      {
        "value": "Items.DYE#2"
      },
      {
        "value": "CUSTOM:GoldWire"
      },
      {
        "value": "Items.DYE#2"
      },
      {
        "value": "Items.DYE#1"
      },
      {
        "value": "CUSTOM:GoldWire"
      },
      {
        "value": "Items.DYE#1"
      }
    ],
    "recipeReturnStack": {
      "value": "CUSTOM:DataCable"
    },
    "name": "data_cable_recipe",
    "namespace": "mod"
  }
}