{
  "args0": [
    {
      "type": "input_value",
      "name": "hitground",
      "check": "Boolean"
    },
    {
      "type": "field_dropdown",
      "name": "set",
      "options": [
        [
          "custom particles and sounds",
          "Set.PARTICLES_AND_SOUNDS"
        ],
        [
          "custom particles only",
          "Set.PARTILCES_ONLY"
        ],
        [
          "custom sounds only",
          "Set.SOUNDS_ONLY"
        ],
        [
          "vanilla particles and sounds",
          "Set.VANILLA_PARTICLES_AND_SOUNDS"
        ],
        [
          "vanilla particles only",
          "Set.VANILLA_PARTILCES_ONLY"
        ],
        [
          "vanilla sounds only",
          "Set.VANILLA_SOUNDS_ONLY"
        ]
      ]
    },
    {
      "type": "input_value",
      "name": "map",
      "check": "Map"
    }
  ],
  "inputsInline": true,
  "previousStatement": null,
  "nextStatement": null,
  "colour": 120,
  "mcreator": {
    "toolbox_id": "sky",
    "toolbox_init": [
      "<value name=\"hitground\"><block type=\"logic_boolean\"><field name=\"BOOL\">TRUE</field></block></value>",
      "<value name=\"map\"><block type=\"provided_parameter\"></block></value>"
    ],
    "inputs": [
      "hitground",
      "map"
    ],
    "fields": [
      "set"
    ]
  }
}