{
  "args0": [
    {
      "type": "input_value",
      "name": "condition",
      "check": "Boolean"
    },
    {
      "type": "input_value",
      "name": "brightlight",
      "check": "Boolean"
    }
  ],
  "inputsInline": true,
  "previousStatement": null,
  "nextStatement": null,
  "colour": 35,
  "mcreator": {
    "toolbox_id": "sky",
    "toolbox_init": [
      "<value name=\"condition\"><block type=\"compare_dimensionids\"><value name=\"a\"><block type=\"provided_dimensionid\"></block></value><value name=\"b\"><block type=\"get_dimensionid\"><field name=\"dimension\">Surface</field></block></value></block></value>",
      "<value name=\"brightlight\"><block type=\"logic_boolean\"><field name=\"BOOL\">FALSE</field></block></value>"
    ],
    "inputs": [
      "condition",
      "brightlight"
    ]
  }
}