{
  "args0": [
    {
      "type": "field_dropdown",
      "name": "component",
      "options": [
        [
          "X",
          "Set.X"
        ],
        [
          "Y",
          "Set.Y"
        ],
        [
          "Z",
          "Set.Z"
        ]
      ]
    },
    {
      "type": "input_value",
      "name": "dimension",
      "check": "DimensionType"
    }
  ],
  "output": "Number",
  "colour": "%{BKY_MATH_HUE}",
  "mcreator": {
    "toolbox_id": "skydata",
    "toolbox_init": [
      "<value name=\"dimension\"><block type=\"get_dimensionid\"><field name=\"dimension\">Surface</field></block></value>"
    ],
    "fields": [
      "component"
    ],
    "inputs": [
      "dimension"
    ]
  }
}