{
  "args0": [
    {
      "type": "field_dropdown",
      "name": "component",
      "options": [
        [
          "red",
          "Color.RED"
        ],
        [
          "green",
          "Color.GREEN"
        ],
        [
          "blue",
          "Color.BLUE"
        ],
        [
          "hue",
          "Color.HUE"
        ],
        [
          "saturation",
          "Color.SATURATION"
        ],
        [
          "lightness",
          "Color.LIGHTNESS"
        ],
        [
          "alpha",
          "Color.ALPHA"
        ]
      ]
    }
  ],
  "output": "Number",
  "colour": "%{BKY_MATH_HUE}",
  "mcreator": {
    "toolbox_id": "skydata",
    "fields": [
      "component"
    ]
  }
}