{
  "args0": [
    {
      "type": "input_value",
      "name": "amount",
      "check": "Number"
    },
    {
      "type": "input_value",
      "name": "seed",
      "check": "Number"
    },
    {
      "type": "input_value",
      "name": "map",
      "check": "Map"
    }
  ],
  "inputsInline": true,
  "previousStatement": null,
  "nextStatement": null,
  "colour": 120,
  "mcreator": {
    "toolbox_id": "sky",
    "toolbox_init": [
      "<value name=\"amount\"><block type=\"math_number\"><field name=\"NUM\">1500</field></block></value>",
      "<value name=\"seed\"><block type=\"math_number\"><field name=\"NUM\">10842</field></block></value>",
      "<value name=\"map\"><block type=\"provided_parameter\"></block></value>"
    ],
    "inputs": [
      "amount",
      "seed",
      "map"
    ]
  }
}