{
  "args0": [
    {
      "type": "field_dropdown",
      "name": "type",
      "options": [
        [
          "RAIN",
          "Set.RAIN"
        ],
        [
          "SNOW",
          "Set.SNOW"
        ]
      ]
    },
    {
      "type": "input_value",
      "name": "length",
      "check": "Number"
    },
    {
      "type": "input_value",
      "name": "speed",
      "check": "Number"
    },
    {
      "type": "input_value",
      "name": "hitground",
      "check": "Boolean"
    },
    {
      "type": "input_value",
      "name": "map",
      "check": "Map"
    }
  ],
  "inputsInline": true,
  "previousStatement": null,
  "nextStatement": null,
  "colour": 120,
  "mcreator": {
    "toolbox_id": "sky",
    "toolbox_init": [
      "<value name=\"length\"><block type=\"math_number\"><field name=\"NUM\">21</field></block></value>",
      "<value name=\"speed\"><block type=\"math_number\"><field name=\"NUM\">1</field></block></value>",
      "<value name=\"hitground\"><block type=\"logic_boolean\"><field name=\"BOOL\">TRUE</field></block></value>",
      "<value name=\"map\"><block type=\"provided_parameter\"></block></value>"
    ],
    "fields": [
      "type"
    ],
    "inputs": [
      "length",
      "speed",
      "hitground",
      "map"
    ]
  }
}