{
  "args0": [
    {
      "type": "field_dropdown",
      "name": "type",
      "options": [
        [
          "NONE",
          "Set.NONE"
        ],
        [
          "FANCY",
          "Set.FANCY"
        ],
        [
          "FAST",
          "Set.FAST"
        ]
      ]
    },
    {
      "type": "input_value",
      "name": "dx",
      "check": "Number"
    },
    {
      "type": "input_value",
      "name": "dz",
      "check": "Number"
    },
    {
      "type": "input_value",
      "name": "map",
      "check": "Map"
    }
  ],
  "inputsInline": true,
  "previousStatement": null,
  "nextStatement": null,
  "colour": 120,
  "mcreator": {
    "toolbox_id": "sky",
    "toolbox_init": [
      "<value name=\"dx\"><block type=\"math_number\"><field name=\"NUM\">480</field></block></value>",
      "<value name=\"dz\"><block type=\"math_number\"><field name=\"NUM\">480</field></block></value>",
      "<value name=\"map\"><block type=\"provided_parameter\"></block></value>"
    ],
    "fields": [
      "type"
    ],
    "inputs": [
      "dx",
      "dz",
      "map"
    ]
  }
}