{
  "args0": [
    {
      "type": "input_value",
      "name": "vertex",
      "check": "Number"
    },
    {
      "type": "input_value",
      "name": "map",
      "check": "Map"
    }
  ],
  "inputsInline": true,
  "previousStatement": null,
  "nextStatement": null,
  "colour": 120,
  "mcreator": {
    "toolbox_id": "sky",
    "toolbox_init": [
      "<value name=\"vertex\"><block type=\"math_number\"><field name=\"NUM\">8</field></block></value>",
      "<value name=\"map\"><block type=\"provided_parameter\"></block></value>"
    ],
    "inputs": [
      "vertex",
      "map"
    ]
  }
}