{
  "args0": [
    {
      "type": "input_value",
      "name": "single",
      "check": "Boolean"
    },
    {
      "type": "input_value",
      "name": "map",
      "check": "Map"
    }
  ],
  "inputsInline": true,
  "previousStatement": null,
  "nextStatement": null,
  "colour": 120,
  "mcreator": {
    "toolbox_id": "sky",
    "toolbox_init": [
      "<value name=\"single\"><block type=\"logic_boolean\"><field name=\"BOOL\">TRUE</field></block></value>",
      "<value name=\"map\"><block type=\"provided_parameter\"></block></value>"
    ],
    "inputs": [
      "single",
      "map"
    ]
  }
}