{
  "args0": [
    {
      "type": "field_dropdown",
      "name": "type",
      "options": [
        [
          "NONE",
          "Set.NONE"
        ],
        [
          "SUN",
          "Set.SUN"
        ],
        [
          "MOON",
          "Set.MOON"
        ]
      ]
    },
    {
      "type": "input_value",
      "name": "blend",
      "check": "Boolean"
    },
    {
      "type": "input_value",
      "name": "map",
      "check": "Map"
    }
  ],
  "inputsInline": true,
  "previousStatement": null,
  "nextStatement": null,
  "colour": 120,
  "mcreator": {
    "toolbox_id": "sky",
    "toolbox_init": [
      "<value name=\"blend\"><block type=\"logic_boolean\"><field name=\"BOOL\">FALSE</field></block></value>",
      "<value name=\"map\"><block type=\"provided_parameter\"></block></value>"
    ],
    "fields": [
      "type"
    ],
    "inputs": [
      "blend",
      "map"
    ]
  }
}