{
  "args0": [
    {
      "type": "field_dropdown",
      "name": "shape",
      "options": [
        [
          "NONE",
          "null"
        ],
        [
          "SPHERE",
          "FogShape.SPHERE"
        ],
        [
          "CYLINDER",
          "FogShape.CYLINDER"
        ]
      ]
    },
    {
      "type": "input_value",
      "name": "start",
      "check": "Number"
    },
    {
      "type": "input_value",
      "name": "end",
      "check": "Number"
    },
    {
      "type": "input_value",
      "name": "map",
      "check": "Map"
    }
  ],
  "inputsInline": true,
  "previousStatement": null,
  "nextStatement": null,
  "colour": 35,
  "mcreator": {
    "toolbox_id": "sky",
    "toolbox_init": [
      "<value name=\"start\"><block type=\"math_number\"><field name=\"NUM\">8</field></block></value>",
      "<value name=\"end\"><block type=\"math_number\"><field name=\"NUM\">64</field></block></value>",
      "<value name=\"map\"><block type=\"provided_parameter\"></block></value>"
    ],
    "inputs": [
      "start",
      "end",
      "map"
    ],
    "fields": [
      "shape"
    ]
  }
}