{
  "args0": [
    {
      "type": "input_value",
      "name": "map",
      "check": "Map"
    },
    {
      "type": "input_value",
      "name": "boolean",
      "check": "Boolean"
    }
  ],
  "inputsInline": true,
  "previousStatement": null,
  "nextStatement": null,
  "colour": 300,
  "mcreator": {
    "toolbox_id": "skydata",
    "toolbox_init": [
      "<value name=\"map\"><block type=\"provided_parameter\"></block></value>",
      "<value name=\"boolean\"><block type=\"logic_boolean\"><field name=\"BOOL\">TRUE</field></block></value>"
    ],
    "inputs": [
      "map",
      "boolean"
    ]
  }
}