{
  "args0": [
    {
      "type": "input_value",
      "name": "map",
      "check": "Map"
    },
    {
      "type": "field_data_list_selector",
      "name": "particle",
      "datalist": "particles"
    },
    {
      "type": "input_value",
      "name": "vx",
      "check": "Number"
    },
    {
      "type": "input_value",
      "name": "vy",
      "check": "Number"
    },
    {
      "type": "input_value",
      "name": "vz",
      "check": "Number"
    }
  ],
  "inputsInline": true,
  "previousStatement": null,
  "nextStatement": null,
  "colour": 300,
  "mcreator": {
    "toolbox_id": "skydata",
    "toolbox_init": [
      "<value name=\"map\"><block type=\"provided_parameter\"></block></value>",
      "<value name=\"vx\"><block type=\"math_number\"><field name=\"NUM\">0</field></block></value>",
      "<value name=\"vy\"><block type=\"math_number\"><field name=\"NUM\">0</field></block></value>",
      "<value name=\"vz\"><block type=\"math_number\"><field name=\"NUM\">0</field></block></value>"
    ],
    "inputs": [
      "map",
      "vx",
      "vy",
      "vz"
    ],
    "fields": [
      "particle"
    ]
  }
}