{
  "args0": [
    {
      "type": "input_value",
      "name": "map",
      "check": "Map"
    },
    {
      "type": "input_value",
      "name": "u0",
      "check": "Number"
    },
    {
      "type": "input_value",
      "name": "v0",
      "check": "Number"
    },
    {
      "type": "input_value",
      "name": "u1",
      "check": "Number"
    },
    {
      "type": "input_value",
      "name": "v1",
      "check": "Number"
    }
  ],
  "inputsInline": true,
  "previousStatement": null,
  "nextStatement": null,
  "colour": 300,
  "mcreator": {
    "toolbox_id": "skydata",
    "toolbox_init": [
      "<value name=\"map\"><block type=\"provided_parameter\"></block></value>",
      "<value name=\"u0\"><block type=\"math_number\"><field name=\"NUM\">0</field></block></value>",
      "<value name=\"v0\"><block type=\"math_number\"><field name=\"NUM\">0</field></block></value>",
      "<value name=\"u1\"><block type=\"math_number\"><field name=\"NUM\">1</field></block></value>",
      "<value name=\"v1\"><block type=\"math_number\"><field name=\"NUM\">1</field></block></value>"
    ],
    "inputs": [
      "map",
      "u0",
      "v0",
      "u1",
      "v1"
    ]
  }
}