{
  "args0": [
    {
      "type": "input_value",
      "name": "map",
      "check": "Map"
    },
    {
      "type": "input_value",
      "name": "id",
      "check": "String"
    },
    {
      "type": "input_value",
      "name": "path",
      "check": "String"
    }
  ],
  "inputsInline": true,
  "previousStatement": null,
  "nextStatement": null,
  "colour": 300,
  "mcreator": {
    "toolbox_id": "skydata",
    "toolbox_init": [
      "<value name=\"map\"><block type=\"provided_parameter\"></block></value>",
      "<value name=\"id\"><block type=\"text\"><field name=\"TEXT\">modid</field></block></value>",
      "<value name=\"path\"><block type=\"text\"><field name=\"TEXT\">image.png</field></block></value>"
    ],
    "inputs": [
      "map",
      "id",
      "path"
    ]
  }
}