{
  "args0": [
    {
      "type": "input_value",
      "name": "map",
      "check": "Map"
    },
    {
      "type": "field_data_list_selector",
      "name": "sound",
      "datalist": "sound"
    },
    {
      "type": "input_value",
      "name": "level",
      "check": "Number"
    },
    {
      "type": "input_value",
      "name": "pitch",
      "check": "Number"
    }
  ],
  "extensions": [
    "sound_category_list_provider"
  ],
  "inputsInline": true,
  "previousStatement": null,
  "nextStatement": null,
  "colour": 300,
  "mcreator": {
    "toolbox_id": "skydata",
    "toolbox_init": [
      "<value name=\"map\"><block type=\"provided_parameter\"></block></value>",
      "<value name=\"level\"><block type=\"math_number\"><field name=\"NUM\">1</field></block></value>",
      "<value name=\"pitch\"><block type=\"math_number\"><field name=\"NUM\">1</field></block></value>"
    ],
    "inputs": [
      "map",
      "level",
      "pitch"
    ],
    "fields": [
      "sound",
      "soundcategory"
    ]
  }
}