{
  "args0": [
    {
      "type": "input_value",
      "name": "map",
      "check": "Map"
    },
    {
      "type": "input_value",
      "name": "hue",
      "check": "Number"
    },
    {
      "type": "input_value",
      "name": "saturation",
      "check": "Number"
    },
    {
      "type": "input_value",
      "name": "lightness",
      "check": "Number"
    },
    {
      "type": "input_value",
      "name": "alpha",
      "check": "Number"
    }
  ],
  "inputsInline": true,
  "previousStatement": null,
  "nextStatement": null,
  "colour": 300,
  "mcreator": {
    "toolbox_id": "skydata",
    "toolbox_init": [
      "<value name=\"map\"><block type=\"provided_parameter\"></block></value>",
      "<value name=\"hue\"><block type=\"math_number\"><field name=\"NUM\">360</field></block></value>",
      "<value name=\"saturation\"><block type=\"math_number\"><field name=\"NUM\">100</field></block></value>",
      "<value name=\"lightness\"><block type=\"math_number\"><field name=\"NUM\">100</field></block></value>",
      "<value name=\"alpha\"><block type=\"math_number\"><field name=\"NUM\">100</field></block></value>"
    ],
    "inputs": [
      "map",
      "hue",
      "saturation",
      "lightness",
      "alpha"
    ]
  }
}