{
  "args0": [
    {
      "type": "input_value",
      "name": "map",
      "check": "Map"
    },
    {
      "type": "input_value",
      "name": "yaw",
      "check": "Number"
    },
    {
      "type": "input_value",
      "name": "pitch",
      "check": "Number"
    },
    {
      "type": "input_value",
      "name": "roll",
      "check": "Number"
    }
  ],
  "inputsInline": true,
  "previousStatement": null,
  "nextStatement": null,
  "colour": 300,
  "mcreator": {
    "toolbox_id": "skydata",
    "toolbox_init": [
      "<value name=\"map\"><block type=\"provided_parameter\"></block></value>",
      "<value name=\"yaw\"><block type=\"math_number\"><field name=\"NUM\">0</field></block></value>",
      "<value name=\"pitch\"><block type=\"math_number\"><field name=\"NUM\">0</field></block></value>",
      "<value name=\"roll\"><block type=\"math_number\"><field name=\"NUM\">0</field></block></value>"
    ],
    "inputs": [
      "map",
      "yaw",
      "pitch",
      "roll"
    ]
  }
}