{
  "args0": [
    {
      "type": "input_value",
      "name": "map",
      "check": "Map"
    },
    {
      "type": "input_value",
      "name": "width",
      "check": "Number"
    },
    {
      "type": "input_value",
      "name": "height",
      "check": "Number"
    },
    {
      "type": "input_value",
      "name": "depth",
      "check": "Number"
    }
  ],
  "inputsInline": true,
  "previousStatement": null,
  "nextStatement": null,
  "colour": 300,
  "mcreator": {
    "toolbox_id": "skydata",
    "toolbox_init": [
      "<value name=\"map\"><block type=\"provided_parameter\"></block></value>",
      "<value name=\"width\"><block type=\"math_number\"><field name=\"NUM\">10</field></block></value>",
      "<value name=\"height\"><block type=\"math_number\"><field name=\"NUM\">10</field></block></value>",
      "<value name=\"depth\"><block type=\"math_number\"><field name=\"NUM\">10</field></block></value>"
    ],
    "inputs": [
      "map",
      "width",
      "height",
      "depth"
    ]
  }
}