{
  "args0": [
    {
      "type": "input_value",
      "name": "map",
      "check": "Map"
    },
    {
      "type": "input_value",
      "name": "x",
      "check": "Number"
    },
    {
      "type": "input_value",
      "name": "y",
      "check": "Number"
    },
    {
      "type": "input_value",
      "name": "z",
      "check": "Number"
    },
    {
      "type": "input_statement",
      "name": "foreach"
    }
  ],
  "inputsInline": true,
  "previousStatement": null,
  "nextStatement": null,
  "colour": 35,
  "mcreator": {
    "toolbox_id": "sky",
    "toolbox_init": [
      "<value name=\"map\"><block type=\"provided_parameter\"></block></value>",
      "<value name=\"x\"><block type=\"x_iterator\"></block></value>",
      "<value name=\"y\"><block type=\"y_iterator\"></block></value>",
      "<value name=\"z\"><block type=\"z_iterator\"></block></value>"
    ],
    "inputs": [
      "map"
    ],
    "statements": [
      {
        "name": "foreach"
      }
    ]
  }
}