{
  "type": "minecraft:crafting_shaped",
  "pattern": [
    "012",
    " 4 ",
    "678"
  ],
  "key": {
    "0": {
      "item": "minecraft:ender_eye"
    },
    "1": {
      "item": "minecraft:copper_block"
    },
    "2": {
      "item": "minecraft:copper_block"
    },
    "4": {
      "item": "minecraft:iron_block"
    },
    "6": {
      "item": "minecraft:obsidian"
    },
    "7": {
      "item": "minecraft:obsidian"
    },
    "8": {
      "item": "minecraft:obsidian"
    }
  },
  "result": {
    "item": "steves_meteors:meteor_defense_laser",
    "count": 1
  }
}