{
	"credit": "Made with Blockbench",
	"texture_size": [64, 64],
	"textures": {
		"0": "makeshift_door_texture",
		"particle": "makeshift_door_texture"
	},
	"elements": [
		{
			"from": [0, 0, 0],
			"to": [1, 32, 16],
			"faces": {
				"north": {"uv": [0, 8, 0.25, 16], "texture": "#0"},
				"east": {"uv": [0, 0, 4, 8], "texture": "#0"},
				"south": {"uv": [0, 8, 0.25, 16], "texture": "#0"},
				"west": {"uv": [0, 0, 4, 8], "texture": "#0"},
				"up": {"uv": [4.25, 8.25, 0.25, 8], "rotation": 90, "texture": "#0"},
				"down": {"uv": [4.25, 8, 0.25, 8.25], "rotation": 270, "texture": "#0"}
			}
		}
	],
	"groups": [
		{
			"name": "all",
			"origin": [8, 8, 8],
			"color": 0,
			"children": [0]
		}
	]
}