{
  "credit": "Made with Blockbench",
  "texture_size": [
    32,
    32
  ],
  "elements": [
    {
      "from": [
        1,
        0,
        1
      ],
      "to": [
        15,
        2,
        15
      ],
      "faces": {
        "north": {
          "uv": [
            0,
            0,
            7,
            1
          ],
          "texture": "#0"
        },
        "east": {
          "uv": [
            0,
            0,
            7,
            1
          ],
          "texture": "#0"
        },
        "south": {
          "uv": [
            0,
            0,
            7,
            1
          ],
          "texture": "#0"
        },
        "west": {
          "uv": [
            0,
            0,
            7,
            1
          ],
          "texture": "#0"
        },
        "up": {
          "uv": [
            0,
            0,
            7,
            7
          ],
          "texture": "#0"
        },
        "down": {
          "uv": [
            0,
            0,
            7,
            7
          ],
          "texture": "#0"
        }
      }
    },
    {
      "from": [
        4,
        2,
        4
      ],
      "to": [
        12,
        7,
        12
      ],
      "faces": {
        "north": {
          "uv": [
            0,
            0,
            4,
            2.5
          ],
          "texture": "#0"
        },
        "east": {
          "uv": [
            0,
            0,
            4,
            2.5
          ],
          "texture": "#0"
        },
        "south": {
          "uv": [
            0,
            0,
            4,
            2.5
          ],
          "texture": "#0"
        },
        "west": {
          "uv": [
            0,
            0,
            4,
            2.5
          ],
          "texture": "#0"
        },
        "up": {
          "uv": [
            0,
            0,
            4,
            4
          ],
          "texture": "#0"
        },
        "down": {
          "uv": [
            0,
            0,
            4,
            4
          ],
          "texture": "#0"
        }
      }
    },
    {
      "from": [
        7,
        7,
        7
      ],
      "to": [
        9,
        10,
        9
      ],
      "faces": {
        "north": {
          "uv": [
            0,
            0,
            1,
            1.5
          ],
          "texture": "#0"
        },
        "east": {
          "uv": [
            0,
            0,
            1,
            1.5
          ],
          "texture": "#0"
        },
        "south": {
          "uv": [
            0,
            0,
            1,
            1.5
          ],
          "texture": "#0"
        },
        "west": {
          "uv": [
            0,
            0,
            1,
            1.5
          ],
          "texture": "#0"
        },
        "up": {
          "uv": [
            0,
            0,
            1,
            1
          ],
          "texture": "#0"
        },
        "down": {
          "uv": [
            0,
            0,
            1,
            1
          ],
          "texture": "#0"
        }
      }
    },
    {
      "from": [
        5,
        9,
        4
      ],
      "to": [
        11,
        14,
        11
      ],
      "rotation": {
        "angle": 22.5,
        "axis": "x",
        "origin": [
          8,
          10,
          8
        ]
      },
      "faces": {
        "north": {
          "uv": [
            0,
            6,
            3,
            8.5
          ],
          "texture": "#0"
        },
        "east": {
          "uv": [
            0,
            3.5,
            3.5,
            6
          ],
          "texture": "#0"
        },
        "south": {
          "uv": [
            6,
            0,
            9,
            2.5
          ],
          "texture": "#0"
        },
        "west": {
          "uv": [
            3.5,
            3.5,
            7,
            6
          ],
          "texture": "#0"
        },
        "up": {
          "uv": [
            3,
            3.5,
            0,
            0
          ],
          "texture": "#0"
        },
        "down": {
          "uv": [
            6,
            0,
            3,
            3.5
          ],
          "texture": "#0"
        }
      }
    },
    {
      "from": [
        6,
        10,
        -1
      ],
      "to": [
        10,
        13,
        4
      ],
      "rotation": {
        "angle": 22.5,
        "axis": "x",
        "origin": [
          8,
          10,
          8
        ]
      },
      "faces": {
        "north": {
          "uv": [
            7,
            5.5,
            9,
            7
          ],
          "texture": "#0"
        },
        "east": {
          "uv": [
            7,
            2.5,
            9.5,
            4
          ],
          "texture": "#0"
        },
        "south": {
          "uv": [
            7,
            7,
            9,
            8.5
          ],
          "texture": "#0"
        },
        "west": {
          "uv": [
            7,
            4,
            9.5,
            5.5
          ],
          "texture": "#0"
        },
        "up": {
          "uv": [
            5,
            8.5,
            3,
            6
          ],
          "texture": "#0"
        },
        "down": {
          "uv": [
            7,
            6,
            5,
            8.5
          ],
          "texture": "#0"
        }
      }
    }
  ],
  "groups": [
    {
      "name": "base",
      "origin": [
        8,
        8,
        8
      ],
      "color": 0,
      "children": [
        0,
        1,
        2,
        {
          "name": "laser",
          "origin": [
            8,
            8,
            8
          ],
          "color": 0,
          "children": [
            3,
            4
          ]
        }
      ]
    }
  ]
}