{
  "args0": [
    {
      "type": "input_value",
      "name": "entity_to_rotate",
      "check": "Entity"
    },
    {
      "type": "input_value",
      "name": "entity_to_rotate_to",
      "check": "Entity"
    }
  ],
  "inputsInline": true,
  "previousStatement": null,
  "nextStatement": null,
  "colour": 270,
  "mcreator": {
    "toolbox_id": "proceduresplus",
    "toolbox_init": [
      "<value name=\"entity_to_rotate\"><block type=\"entity_from_deps\"></block></value>",
      "<value name=\"entity_to_rotate_to\"><block type=\"source_entity_from_deps\"></block></value>"
    ],
    "inputs": ["entity_to_rotate", "entity_to_rotate_to"]
  }
}
