{
  "args0": [
    {
      "type": "input_value",
      "name": "distance",
      "check": "Number"
    },
    {
      "type": "field_dropdown",
      "name": "except",
      "options": [
        ["without", " "],
        ["with", ","]
      ]
    },
    {
      "type": "field_input",
      "name": "types",
      "text": " "
    },
    {
      "type": "input_value",
      "name": "x",
      "check": "Number"
    },
    {
      "type": "input_value",
      "name": "y",
      "check": "Number"
    },
    {
      "type": "input_value",
      "name": "z",
      "check": "Number"
    }
  ],
  "inputsInline": true,
  "previousStatement": null,
  "nextStatement": null,
  "colour": 270,
  "mcreator": {
    "toolbox_id": "proceduresplus",
    "toolbox_init": [
      "<value name=\"distance\"><block type=\"math_number\"><field name=\"NUM\">16</field></block></value>",
      "<value name=\"x\"><block type=\"coord_x\"></block></value>",
      "<value name=\"y\"><block type=\"coord_y\"></block></value>",
      "<value name=\"z\"><block type=\"coord_z\"></block></value>"
    ],
    "inputs": ["distance", "x", "y", "z"],
    "fields": ["except", "types"],
    "dependencies": [
      {
        "name": "world",
        "type": "world"
      }
    ]
  }
}
