{
  "args0": [
    {
      "type": "input_value",
      "name": "entity",
      "check": "Entity"
    },
    {
      "type": "field_dropdown",
      "name": "doiset",
      "options": [
        ["false", "false"],
        ["true", "true"]
      ]
    }
  ],
  "inputsInline": true,
  "previousStatement": null,
  "nextStatement": null,
  "colour": 270,
  "mcreator": {
    "toolbox_id": "proceduresplus",
    "toolbox_init": [
      "<value name=\"entity\"><block type=\"entity_from_deps\"></block></value>"
    ],
    "inputs": ["entity"],
    "fields": ["doiset"]
  }
}
