{
  "args0": [
    {
      "type": "input_value",
      "name": "vector",
      "check": "Vec3"
    },
    {
      "type": "field_dropdown",
      "name": "reference",
      "options": [
        [
          "X-Axis",
          "X-Axis"
        ],
        [
          "Y-Axis",
          "Y-Axis"
        ],
        [
          "Z-Axis",
          "Z-Axis"
        ],
        [
          "XY-Plane",
          "XY-Plane"
        ],
        [
          "YZ-Plane",
          "YZ-Plane"
        ],
        [
          "ZX-Plane",
          "ZX-Plane"
        ]
      ]
    }
  ],
  "output": "Vec3",
  "colour": 175,
  "mcreator": {
    "toolbox_id": "vector",
    "toolbox_init": [
      "<value name=\"vector\"></value>"
    ],
    "inputs": [
      "vector"
    ],
    "fields": [
      "reference"
    ]
  }
}