{
  "args0": [
    {
      "type": "input_value",
      "name": "left",
      "check": "Vec3"
    },
    {
      "type": "input_value",
      "name": "right",
      "check": "Vec3"
    },
    {
      "type": "input_value",
      "name": "factor",
      "check": "Number"
    }
  ],
  "output": "Vec3",
  "inputsInline": true,
  "colour": 175,
  "mcreator": {
    "toolbox_id": "vector",
    "toolbox_init": [
      "<value name=\"left\"></value>",
      "<value name=\"right\"></value>",
      "<value name=\"factor\"><block type=\"math_number\"><field name=\"NUM\">0</field></block></value>"
    ],
    "inputs": [
      "left",
      "right",
      "factor"
    ]
  }
}