{
  "args0": [
    {
      "type": "input_value",
      "name": "vector",
      "check": "Vec3"
    },
    {
      "type": "input_value",
      "name": "degree",
      "check": "Number"
    },
    {
      "type": "field_dropdown",
      "name": "axis",
      "options": [
        [
          "X-Axis",
          "X-Axis"
        ],
        [
          "Y-Axis",
          "Y-Axis"
        ],
        [
          "Z-Axis",
          "Z-Axis"
        ]
      ]
    }
  ],
  "output": "Vec3",
  "inputsInline": true,
  "colour": 175,
  "mcreator": {
    "toolbox_id": "vector",
    "toolbox_init": [
      "<value name=\"vector\"></value>",
      "<value name=\"degree\"><block type=\"math_number\"><field name=\"NUM\">0</field></block></value>"
    ],
    "inputs": [
      "vector",
      "degree"
    ],
    "fields": [
      "axis"
    ]
  }
}