{
  "args0": [
    {
      "type": "input_value",
      "name": "vector",
      "check": "Vec3"
    },
    {
      "type": "input_value",
      "name": "degree",
      "check": "Number"
    },
    {
      "type": "input_value",
      "name": "axis",
      "check": "Vec3"
    }
  ],
  "output": "Vec3",
  "inputsInline": true,
  "colour": 175,
  "mcreator": {
    "toolbox_id": "vector",
    "toolbox_init": [
      "<value name=\"vector\"></value>",
      "<value name=\"degree\"><block type=\"math_number\"><field name=\"NUM\">0</field></block></value>",
      "<value name=\"axis\"><block type=\"vector_create\"><value name=\"x\"><block type=\"math_number\"><field name=\"NUM\">0</field></block></value><value name=\"y\"><block type=\"math_number\"><field name=\"NUM\">0</field></block></value><value name=\"z\"><block type=\"math_number\"><field name=\"NUM\">0</field></block></value></block></value>"
    ],
    "inputs": [
      "vector",
      "degree",
      "axis"
    ]
  }
}