{
  "args0": [
    {
      "type": "input_value",
      "name": "left",
      "check": "Vec3"
    },
    {
      "type": "field_dropdown",
      "name": "operator",
      "options": [
        [
          "=",
          "="
        ],
        [
          "≠",
          "≠"
        ]
      ]
    },
    {
      "type": "input_value",
      "name": "right",
      "check": "Vec3"
    }
  ],
  "output": "Boolean",
  "inputsInline": true,
  "colour": 175,
  "mcreator": {
    "toolbox_id": "vector",
    "toolbox_init": [
      "<value name=\"left\"></value>",
      "<value name=\"right\"></value>"
    ],
    "inputs": [
      "left",
      "right"
    ],
    "fields": [
      "operator"
    ]
  }
}