{
  "args0": [
    {
      "type": "input_value",
      "name": "vector",
      "check": "Vec3"
    },
    {
      "type": "input_value",
      "name": "scale",
      "check": "Number"
    }
  ],
  "output": "Vec3",
  "inputsInline": true,
  "colour": 175,
  "mcreator": {
    "toolbox_id": "vector",
    "toolbox_init": [
      "<value name=\"vector\"></value>",
      "<value name=\"scale\"><block type=\"math_number\"><field name=\"NUM\">0</field></block></value>"
    ],
    "inputs": [
      "vector",
      "scale"
    ]
  }
}