{
  "args0": [
    {
      "type": "field_dropdown",
      "name": "operator",
      "options": [
        [
          "Round",
          "Round"
        ],
        [
          "Ceil",
          "Ceil"
        ],
        [
          "Floor",
          "Floor"
        ]
      ]
    },
    {
      "type": "input_value",
      "name": "vector",
      "check": "Vec3"
    }
  ],
  "output": "Vec3",
  "colour": 175,
  "mcreator": {
    "toolbox_id": "vector",
    "toolbox_init": [
      "<value name=\"vector\"></value>"
    ],
    "fields": [
      "operator"
    ],
    "inputs": [
      "vector"
    ]
  }
}