{
  "_fv": 43,
  "_type": "tool",
  "definition": {
    "renderType": 0,
    "texture": "diamond_hammer",
    "customModelName": "Normal",
    "name": "Diamond Mining Hammer",
    "specialInfo": [],
    "creativeTab": {
      "value": "CUSTOM:StevesToolsCreativeTab"
    },
    "toolType": "Pickaxe",
    "harvestLevel": 3,
    "efficiency": 8.0,
    "attackSpeed": 2.0,
    "enchantability": 10,
    "damageVsEntity": 7.5,
    "usageCount": 1561,
    "blocksAffected": [],
    "hasGlow": false,
    "repairItems": [
      {
        "value": "Blocks.DIAMOND_BLOCK"
      }
    ],
    "immuneToFire": false,
    "stayInGridWhenCrafting": false,
    "damageOnCrafting": false,
    "onBlockDestroyedWithTool": {
      "name": "HammerBlockDestroyedWithTool"
    }
  }
}