{
  "_fv": 43,
  "_type": "tool",
  "definition": {
    "renderType": 0,
    "texture": "golden_hammer",
    "customModelName": "Normal",
    "name": "Gold Mining Hammer",
    "specialInfo": [],
    "creativeTab": {
      "value": "CUSTOM:StevesToolsCreativeTab"
    },
    "toolType": "Pickaxe",
    "harvestLevel": 0,
    "efficiency": 4.0,
    "attackSpeed": 2.0,
    "enchantability": 22,
    "damageVsEntity": 6.0,
    "usageCount": 32,
    "blocksAffected": [],
    "hasGlow": false,
    "repairItems": [
      {
        "value": "Blocks.GOLD_BLOCK"
      }
    ],
    "immuneToFire": false,
    "stayInGridWhenCrafting": false,
    "damageOnCrafting": false,
    "onBlockDestroyedWithTool": {
      "name": "HammerBlockDestroyedWithTool"
    }
  }
}