{
  "_fv": 43,
  "_type": "biome",
  "definition": {
    "name": "Cracked Wastes",
    "groundBlock": {
      "value": "Blocks.COBBLESTONE"
    },
    "undergroundBlock": {
      "value": "Blocks.COBBLESTONE"
    },
    "underwaterBlock": {
      "value": "Blocks.GRAVEL"
    },
    "airColor": {
      "value": -5719112,
      "falpha": 0.0
    },
    "grassColor": {
      "value": -5719121,
      "falpha": 0.0
    },
    "foliageColor": {
      "value": -5129304,
      "falpha": 0.0
    },
    "waterColor": {
      "value": -5721157,
      "falpha": 0.0
    },
    "waterFogColor": {
      "value": -5723973,
      "falpha": 0.0
    },
    "ambientSound": {
      "value": ""
    },
    "additionsSound": {
      "value": ""
    },
    "music": {
      "value": ""
    },
    "moodSound": {
      "value": ""
    },
    "moodSoundDelay": 6000,
    "spawnParticles": false,
    "particleToSpawn": {
      "value": "EXPLOSION_NORMAL"
    },
    "particlesProbability": 0.5,
    "rainingPossibility": 0.0,
    "temperature": -1.0,
    "spawnBiome": true,
    "spawnInCaves": false,
    "spawnBiomeNether": false,
    "genTemperature": {
      "min": -1.0,
      "max": 0.5
    },
    "genHumidity": {
      "min": -0.5,
      "max": 1.0
    },
    "genContinentalness": {
      "min": -0.8,
      "max": 0.8
    },
    "genErosion": {
      "min": -0.2,
      "max": 0.5
    },
    "genWeirdness": {
      "min": -2.0,
      "max": 2.0
    },
    "treesPerChunk": 0,
    "vanillaTreeType": "Default",
    "treeType": 0,
    "minHeight": 7,
    "treeStem": {
      "value": ""
    },
    "treeBranch": {
      "value": ""
    },
    "treeVines": {
      "value": ""
    },
    "treeFruits": {
      "value": ""
    },
    "defaultFeatures": [
      "Caves",
      "Ores",
      "FrozenTopLayer",
      "AmethystGeodes",
      "DeadBushes",
      "Fossils",
      "MonsterRooms"
    ],
    "spawnStronghold": true,
    "spawnMineshaft": false,
    "spawnMineshaftMesa": false,
    "spawnPillagerOutpost": false,
    "villageType": "none",
    "spawnWoodlandMansion": false,
    "spawnJungleTemple": false,
    "spawnDesertPyramid": false,
    "spawnSwampHut": false,
    "spawnIgloo": false,
    "spawnOceanMonument": false,
    "spawnShipwreck": false,
    "spawnShipwreckBeached": false,
    "spawnBuriedTreasure": false,
    "oceanRuinType": "NONE",
    "spawnNetherBridge": false,
    "spawnNetherFossil": false,
    "spawnBastionRemnant": false,
    "spawnEndCity": false,
    "spawnRuinedPortal": "NONE",
    "spawnEntries": [
      {
        "entity": {
          "value": "EntityChicken"
        },
        "minGroup": 1,
        "maxGroup": 8,
        "weight": 20,
        "spawnType": "creature"
      },
      {
        "entity": {
          "value": "EntityCow"
        },
        "minGroup": 1,
        "maxGroup": 8,
        "weight": 20,
        "spawnType": "creature"
      },
      {
        "entity": {
          "value": "EntityDonkey"
        },
        "minGroup": 1,
        "maxGroup": 4,
        "weight": 15,
        "spawnType": "creature"
      },
      {
        "entity": {
          "value": "EntityFrog"
        },
        "minGroup": 1,
        "maxGroup": 4,
        "weight": 10,
        "spawnType": "creature"
      },
      {
        "entity": {
          "value": "EntityHorse"
        },
        "minGroup": 1,
        "maxGroup": 4,
        "weight": 5,
        "spawnType": "creature"
      },
      {
        "entity": {
          "value": "EntityLlama"
        },
        "minGroup": 1,
        "maxGroup": 4,
        "weight": 8,
        "spawnType": "creature"
      },
      {
        "entity": {
          "value": "EntityMule"
        },
        "minGroup": 1,
        "maxGroup": 4,
        "weight": 8,
        "spawnType": "creature"
      },
      {
        "entity": {
          "value": "EntityPig"
        },
        "minGroup": 1,
        "maxGroup": 8,
        "weight": 20,
        "spawnType": "creature"
      },
      {
        "entity": {
          "value": "EntityRabbit"
        },
        "minGroup": 1,
        "maxGroup": 4,
        "weight": 15,
        "spawnType": "creature"
      },
      {
        "entity": {
          "value": "EntitySheep"
        },
        "minGroup": 1,
        "maxGroup": 8,
        "weight": 20,
        "spawnType": "creature"
      },
      {
        "entity": {
          "value": "EntitySlime"
        },
        "minGroup": 1,
        "maxGroup": 4,
        "weight": 2,
        "spawnType": "creature"
      },
      {
        "entity": {
          "value": "EntityTurtle"
        },
        "minGroup": 1,
        "maxGroup": 4,
        "weight": 5,
        "spawnType": "creature"
      },
      {
        "entity": {
          "value": "EntityZombieVillager"
        },
        "minGroup": 1,
        "maxGroup": 8,
        "weight": 20,
        "spawnType": "monster"
      },
      {
        "entity": {
          "value": "EntityZombie"
        },
        "minGroup": 1,
        "maxGroup": 8,
        "weight": 40,
        "spawnType": "monster"
      },
      {
        "entity": {
          "value": "EntityWitch"
        },
        "minGroup": 1,
        "maxGroup": 3,
        "weight": 20,
        "spawnType": "monster"
      },
      {
        "entity": {
          "value": "EntityWanderingTrader"
        },
        "minGroup": 1,
        "maxGroup": 2,
        "weight": 20,
        "spawnType": "creature"
      },
      {
        "entity": {
          "value": "EntityPillager"
        },
        "minGroup": 1,
        "maxGroup": 9,
        "weight": 20,
        "spawnType": "creature"
      },
      {
        "entity": {
          "value": "EntityEnderman"
        },
        "minGroup": 1,
        "maxGroup": 3,
        "weight": 5,
        "spawnType": "monster"
      },
      {
        "entity": {
          "value": "EntityHusk"
        },
        "minGroup": 1,
        "maxGroup": 4,
        "weight": 20,
        "spawnType": "monster"
      },
      {
        "entity": {
          "value": "EntitySkeleton"
        },
        "minGroup": 1,
        "maxGroup": 8,
        "weight": 20,
        "spawnType": "monster"
      },
      {
        "entity": {
          "value": "CUSTOM:RadZombie"
        },
        "minGroup": 1,
        "maxGroup": 8,
        "weight": 80,
        "spawnType": "monster"
      },
      {
        "entity": {
          "value": "CUSTOM:DayRadZombie"
        },
        "minGroup": 1,
        "maxGroup": 8,
        "weight": 80,
        "spawnType": "creature"
      }
    ]
  }
}