{
  "_fv": 43,
  "_type": "biome",
  "definition": {
    "name": "Dead Lands",
    "groundBlock": {
      "value": "CUSTOM:DeadDirtBlock"
    },
    "undergroundBlock": {
      "value": "CUSTOM:DeadDirtBlock"
    },
    "underwaterBlock": {
      "value": "Blocks.GRAVEL"
    },
    "airColor": {
      "value": -10079488,
      "falpha": 0.0
    },
    "grassColor": {
      "value": -16764160,
      "falpha": 0.0
    },
    "foliageColor": {
      "value": -13421824,
      "falpha": 0.0
    },
    "waterColor": {
      "value": -16751002,
      "falpha": 0.0
    },
    "waterFogColor": {
      "value": -16737895,
      "falpha": 0.0
    },
    "ambientSound": {
      "value": ""
    },
    "additionsSound": {
      "value": ""
    },
    "music": {
      "value": ""
    },
    "moodSound": {
      "value": ""
    },
    "moodSoundDelay": 6000,
    "spawnParticles": false,
    "particleToSpawn": {
      "value": "EXPLOSION_NORMAL"
    },
    "particlesProbability": 0.5,
    "rainingPossibility": 0.5,
    "temperature": 0.5,
    "spawnBiome": true,
    "spawnInCaves": false,
    "spawnBiomeNether": false,
    "genTemperature": {
      "min": -1.0,
      "max": 1.0
    },
    "genHumidity": {
      "min": -1.0,
      "max": 1.0
    },
    "genContinentalness": {
      "min": -1.0,
      "max": 1.0
    },
    "genErosion": {
      "min": -0.4,
      "max": 0.6
    },
    "genWeirdness": {
      "min": -1.0,
      "max": 1.0
    },
    "treesPerChunk": 0,
    "vanillaTreeType": "Default",
    "treeType": 0,
    "minHeight": 7,
    "treeStem": {
      "value": ""
    },
    "treeBranch": {
      "value": ""
    },
    "treeVines": {
      "value": ""
    },
    "treeFruits": {
      "value": ""
    },
    "defaultFeatures": [
      "Caves",
      "Ores",
      "DeadBushes",
      "MonsterRooms"
    ],
    "spawnStronghold": true,
    "spawnMineshaft": false,
    "spawnMineshaftMesa": false,
    "spawnPillagerOutpost": false,
    "villageType": "none",
    "spawnWoodlandMansion": false,
    "spawnJungleTemple": false,
    "spawnDesertPyramid": false,
    "spawnSwampHut": false,
    "spawnIgloo": false,
    "spawnOceanMonument": false,
    "spawnShipwreck": false,
    "spawnShipwreckBeached": false,
    "spawnBuriedTreasure": false,
    "oceanRuinType": "NONE",
    "spawnNetherBridge": false,
    "spawnNetherFossil": false,
    "spawnBastionRemnant": false,
    "spawnEndCity": false,
    "spawnRuinedPortal": "NONE",
    "spawnEntries": [
      {
        "entity": {
          "value": "EntityZombie"
        },
        "minGroup": 1,
        "maxGroup": 12,
        "weight": 60,
        "spawnType": "monster"
      },
      {
        "entity": {
          "value": "EntityZombieVillager"
        },
        "minGroup": 1,
        "maxGroup": 8,
        "weight": 20,
        "spawnType": "monster"
      },
      {
        "entity": {
          "value": "EntityEnderman"
        },
        "minGroup": 1,
        "maxGroup": 2,
        "weight": 5,
        "spawnType": "monster"
      },
      {
        "entity": {
          "value": "CUSTOM:DayRadZombie"
        },
        "minGroup": 2,
        "maxGroup": 7,
        "weight": 60,
        "spawnType": "creature"
      }
    ]
  }
}