{
  "_fv": 43,
  "_type": "biome",
  "definition": {
    "name": "Rad Lands",
    "groundBlock": {
      "value": "CUSTOM:RadDirtBlock"
    },
    "undergroundBlock": {
      "value": "CUSTOM:RadDirtBlock"
    },
    "underwaterBlock": {
      "value": "CUSTOM:RadDirtBlock"
    },
    "airColor": {
      "value": -3368279,
      "falpha": 0.0
    },
    "grassColor": {
      "value": -3368261,
      "falpha": 0.0
    },
    "foliageColor": {
      "value": -3368248,
      "falpha": 0.0
    },
    "waterColor": {
      "value": -4089140,
      "falpha": 0.0
    },
    "waterFogColor": {
      "value": -4744500,
      "falpha": 0.0
    },
    "ambientSound": {
      "value": ""
    },
    "additionsSound": {
      "value": ""
    },
    "music": {
      "value": ""
    },
    "moodSound": {
      "value": ""
    },
    "moodSoundDelay": 6000,
    "spawnParticles": false,
    "particleToSpawn": {
      "value": "EXPLOSION_NORMAL"
    },
    "particlesProbability": 0.5,
    "rainingPossibility": 0.5,
    "temperature": 1.25,
    "spawnBiome": true,
    "spawnInCaves": false,
    "spawnBiomeNether": false,
    "genTemperature": {
      "min": -0.9,
      "max": 0.9
    },
    "genHumidity": {
      "min": -0.8,
      "max": 0.8
    },
    "genContinentalness": {
      "min": -0.9,
      "max": 0.9
    },
    "genErosion": {
      "min": 0.2,
      "max": 0.5
    },
    "genWeirdness": {
      "min": -1.5,
      "max": 1.5
    },
    "treesPerChunk": 0,
    "vanillaTreeType": "Default",
    "treeType": 0,
    "minHeight": 7,
    "treeStem": {
      "value": ""
    },
    "treeBranch": {
      "value": ""
    },
    "treeVines": {
      "value": ""
    },
    "treeFruits": {
      "value": ""
    },
    "defaultFeatures": [
      "Caves",
      "Ores",
      "ExtraEmeraldOre",
      "ExtraGoldOre",
      "Dripstone",
      "Lakes",
      "MonsterRooms"
    ],
    "spawnStronghold": true,
    "spawnMineshaft": true,
    "spawnMineshaftMesa": false,
    "spawnPillagerOutpost": true,
    "villageType": "none",
    "spawnWoodlandMansion": true,
    "spawnJungleTemple": false,
    "spawnDesertPyramid": false,
    "spawnSwampHut": false,
    "spawnIgloo": false,
    "spawnOceanMonument": false,
    "spawnShipwreck": false,
    "spawnShipwreckBeached": false,
    "spawnBuriedTreasure": true,
    "oceanRuinType": "NONE",
    "spawnNetherBridge": false,
    "spawnNetherFossil": false,
    "spawnBastionRemnant": false,
    "spawnEndCity": false,
    "spawnRuinedPortal": "SWAMP",
    "spawnEntries": [
      {
        "entity": {
          "value": "CUSTOM:RadZombie"
        },
        "minGroup": 1,
        "maxGroup": 8,
        "weight": 40,
        "spawnType": "monster"
      },
      {
        "entity": {
          "value": "CUSTOM:DayRadZombie"
        },
        "minGroup": 1,
        "maxGroup": 8,
        "weight": 80,
        "spawnType": "creature"
      }
    ]
  }
}