{
  "_fv": 43,
  "_type": "tag",
  "definition": {
    "type": "Entities",
    "items": [],
    "blocks": [],
    "functions": [],
    "entities": [
      {
        "value": "EntityVillager"
      },
      {
        "value": "EntityPillager"
      },
      {
        "value": "EntityWanderingTrader"
      },
      {
        "value": "EntityIllusionIllager"
      },
      {
        "value": "EntityWitch"
      },
      {
        "value": "EntityPiglin"
      },
      {
        "value": "EntityPiglinBrute"
      },
      {
        "value": "EntityEvoker"
      },
      {
        "value": "EntityVindicator"
      }
    ],
    "biomes": [],
    "name": "rad_morph",
    "namespace": "mod"
  }
}