{
  "_fv": 43,
  "_type": "feature",
  "definition": {
    "generationStep": "FLUID_SPRINGS",
    "restrictionDimensions": [],
    "restrictionBiomes": [
      {
        "value": "CUSTOM:DeadLandsBiome"
      },
      {
        "value": "CUSTOM:AftermathBiome"
      },
      {
        "value": "CUSTOM:ScorchedWastesBiome"
      },
      {
        "value": "CUSTOM:RadLandsBiome"
      },
      {
        "value": "CUSTOM:CrackedWastesBiome"
      },
      {
        "value": "CUSTOM:TundraWastesBiome"
      },
      {
        "value": "CUSTOM:RuinedWoodsBiome"
      }
    ],
    "featurexml": "<xml xmlns=\"https://developers.google.com/blockly/xml\"><block type=\"feature_container\" deletable=\"false\" x=\"145\" y=\"64\"><value name=\"feature\"><block type=\"feature_lake\"><value name=\"fluid\"><block type=\"mcitem_allblocks\"><field name=\"value\">CUSTOM:RadWater</field></block></value><value name=\"border\"><block type=\"mcitem_allblocks\"><field name=\"value\">CUSTOM:RadDirtBlock</field></block></value></block></value><next><block type=\"placement_rarity\"><field name=\"rarity\">5</field><next><block type=\"placement_heightmap\"><field name=\"heightmap\">WORLD_SURFACE_WG</field></block></next></block></next></block></xml>"
  }
}