{
  "_fv": 43,
  "_type": "biome",
  "definition": {
    "name": "Ruined Woods",
    "groundBlock": {
      "value": "CUSTOM:DeadDirtBlock"
    },
    "undergroundBlock": {
      "value": "Blocks.DIRT#0"
    },
    "underwaterBlock": {
      "value": "Blocks.DIRT#0"
    },
    "airColor": {
      "value": -6976921,
      "falpha": 0.0
    },
    "grassColor": {
      "value": -9988753,
      "falpha": 0.0
    },
    "foliageColor": {
      "value": -8546969,
      "falpha": 0.0
    },
    "waterColor": {
      "value": -9988719,
      "falpha": 0.0
    },
    "waterFogColor": {
      "value": -9934955,
      "falpha": 0.0
    },
    "ambientSound": {
      "value": ""
    },
    "additionsSound": {
      "value": ""
    },
    "music": {
      "value": ""
    },
    "moodSound": {
      "value": ""
    },
    "moodSoundDelay": 6000,
    "spawnParticles": false,
    "particleToSpawn": {
      "value": "EXPLOSION_NORMAL"
    },
    "particlesProbability": 0.5,
    "rainingPossibility": 0.5,
    "temperature": 0.5,
    "spawnBiome": true,
    "spawnInCaves": false,
    "spawnBiomeNether": false,
    "genTemperature": {
      "min": -0.5,
      "max": 1.0
    },
    "genHumidity": {
      "min": -1.0,
      "max": 1.0
    },
    "genContinentalness": {
      "min": -0.5,
      "max": 0.5
    },
    "genErosion": {
      "min": -0.2,
      "max": 0.5
    },
    "genWeirdness": {
      "min": -2.0,
      "max": 2.0
    },
    "treesPerChunk": 0,
    "vanillaTreeType": "Default",
    "treeType": 1,
    "minHeight": 9,
    "treeStem": {
      "value": "CUSTOM:DeadWoodLogBlock"
    },
    "treeBranch": {
      "value": "Blocks.AIR"
    },
    "treeVines": {
      "value": "Blocks.AIR"
    },
    "treeFruits": {
      "value": "Blocks.AIR"
    },
    "defaultFeatures": [
      "Caves",
      "Ores",
      "FrozenTopLayer",
      "DeadBushes",
      "MonsterRooms",
      "ReedsAndPumpkins"
    ],
    "spawnStronghold": true,
    "spawnMineshaft": false,
    "spawnMineshaftMesa": false,
    "spawnPillagerOutpost": false,
    "villageType": "none",
    "spawnWoodlandMansion": false,
    "spawnJungleTemple": false,
    "spawnDesertPyramid": false,
    "spawnSwampHut": false,
    "spawnIgloo": false,
    "spawnOceanMonument": false,
    "spawnShipwreck": false,
    "spawnShipwreckBeached": false,
    "spawnBuriedTreasure": false,
    "oceanRuinType": "NONE",
    "spawnNetherBridge": false,
    "spawnNetherFossil": false,
    "spawnBastionRemnant": false,
    "spawnEndCity": false,
    "spawnRuinedPortal": "NONE",
    "spawnEntries": [
      {
        "entity": {
          "value": "EntityCat"
        },
        "minGroup": 1,
        "maxGroup": 4,
        "weight": 20,
        "spawnType": "creature"
      },
      {
        "entity": {
          "value": "EntityCow"
        },
        "minGroup": 1,
        "maxGroup": 8,
        "weight": 20,
        "spawnType": "creature"
      },
      {
        "entity": {
          "value": "EntityChicken"
        },
        "minGroup": 1,
        "maxGroup": 8,
        "weight": 20,
        "spawnType": "creature"
      },
      {
        "entity": {
          "value": "EntityDonkey"
        },
        "minGroup": 1,
        "maxGroup": 4,
        "weight": 20,
        "spawnType": "creature"
      },
      {
        "entity": {
          "value": "EntityFox"
        },
        "minGroup": 1,
        "maxGroup": 4,
        "weight": 20,
        "spawnType": "creature"
      },
      {
        "entity": {
          "value": "EntityFrog"
        },
        "minGroup": 1,
        "maxGroup": 4,
        "weight": 20,
        "spawnType": "creature"
      },
      {
        "entity": {
          "value": "EntityHorse"
        },
        "minGroup": 1,
        "maxGroup": 4,
        "weight": 20,
        "spawnType": "creature"
      },
      {
        "entity": {
          "value": "EntityMule"
        },
        "minGroup": 1,
        "maxGroup": 4,
        "weight": 20,
        "spawnType": "creature"
      },
      {
        "entity": {
          "value": "EntityPig"
        },
        "minGroup": 1,
        "maxGroup": 8,
        "weight": 20,
        "spawnType": "creature"
      },
      {
        "entity": {
          "value": "EntityRabbit"
        },
        "minGroup": 1,
        "maxGroup": 4,
        "weight": 20,
        "spawnType": "creature"
      },
      {
        "entity": {
          "value": "EntitySquid"
        },
        "minGroup": 1,
        "maxGroup": 4,
        "weight": 20,
        "spawnType": "creature"
      },
      {
        "entity": {
          "value": "EntityWolf"
        },
        "minGroup": 1,
        "maxGroup": 9,
        "weight": 20,
        "spawnType": "creature"
      },
      {
        "entity": {
          "value": "EntityZombieVillager"
        },
        "minGroup": 1,
        "maxGroup": 9,
        "weight": 20,
        "spawnType": "monster"
      },
      {
        "entity": {
          "value": "EntityZombie"
        },
        "minGroup": 1,
        "maxGroup": 8,
        "weight": 40,
        "spawnType": "monster"
      },
      {
        "entity": {
          "value": "EntityCreeper"
        },
        "minGroup": 1,
        "maxGroup": 4,
        "weight": 20,
        "spawnType": "monster"
      },
      {
        "entity": {
          "value": "EntityEnderman"
        },
        "minGroup": 1,
        "maxGroup": 4,
        "weight": 5,
        "spawnType": "monster"
      },
      {
        "entity": {
          "value": "EntityPillager"
        },
        "minGroup": 1,
        "maxGroup": 9,
        "weight": 20,
        "spawnType": "monster"
      },
      {
        "entity": {
          "value": "EntitySkeleton"
        },
        "minGroup": 1,
        "maxGroup": 9,
        "weight": 20,
        "spawnType": "monster"
      },
      {
        "entity": {
          "value": "CUSTOM:RadZombie"
        },
        "minGroup": 1,
        "maxGroup": 8,
        "weight": 80,
        "spawnType": "monster"
      },
      {
        "entity": {
          "value": "CUSTOM:DayRadZombie"
        },
        "minGroup": 1,
        "maxGroup": 8,
        "weight": 80,
        "spawnType": "monster"
      }
    ]
  }
}