{
  "_fv": 43,
  "_type": "biome",
  "definition": {
    "name": "Tundra Wastes",
    "groundBlock": {
      "value": "Blocks.SNOW"
    },
    "undergroundBlock": {
      "value": "Blocks.ICE"
    },
    "underwaterBlock": {
      "value": "Blocks.ICE"
    },
    "airColor": {
      "value": -5248274,
      "falpha": 0.0
    },
    "grassColor": {
      "value": -5247275,
      "falpha": 0.0
    },
    "foliageColor": {
      "value": -5116241,
      "falpha": 0.0
    },
    "waterColor": {
      "value": -4870162,
      "falpha": 0.0
    },
    "waterFogColor": {
      "value": -5257234,
      "falpha": 0.0
    },
    "ambientSound": {
      "value": ""
    },
    "additionsSound": {
      "value": ""
    },
    "music": {
      "value": ""
    },
    "moodSound": {
      "value": ""
    },
    "moodSoundDelay": 6000,
    "spawnParticles": false,
    "particleToSpawn": {
      "value": "EXPLOSION_NORMAL"
    },
    "particlesProbability": 0.5,
    "rainingPossibility": 0.5,
    "temperature": 0.0,
    "spawnBiome": true,
    "spawnInCaves": false,
    "spawnBiomeNether": false,
    "genTemperature": {
      "min": -2.0,
      "max": 0.0
    },
    "genHumidity": {
      "min": -0.9,
      "max": 0.9
    },
    "genContinentalness": {
      "min": -0.5,
      "max": 0.5
    },
    "genErosion": {
      "min": -0.5,
      "max": 1.0
    },
    "genWeirdness": {
      "min": -0.25,
      "max": 0.5
    },
    "treesPerChunk": 0,
    "vanillaTreeType": "Default",
    "treeType": 0,
    "minHeight": 7,
    "treeStem": {
      "value": ""
    },
    "treeBranch": {
      "value": ""
    },
    "treeVines": {
      "value": ""
    },
    "treeFruits": {
      "value": ""
    },
    "defaultFeatures": [
      "Caves",
      "Ores",
      "FrozenTopLayer",
      "Icebergs",
      "MonsterRooms",
      "OceanCaves"
    ],
    "spawnStronghold": true,
    "spawnMineshaft": false,
    "spawnMineshaftMesa": false,
    "spawnPillagerOutpost": false,
    "villageType": "none",
    "spawnWoodlandMansion": false,
    "spawnJungleTemple": false,
    "spawnDesertPyramid": false,
    "spawnSwampHut": false,
    "spawnIgloo": false,
    "spawnOceanMonument": false,
    "spawnShipwreck": false,
    "spawnShipwreckBeached": false,
    "spawnBuriedTreasure": false,
    "oceanRuinType": "COLD",
    "spawnNetherBridge": false,
    "spawnNetherFossil": false,
    "spawnBastionRemnant": false,
    "spawnEndCity": false,
    "spawnRuinedPortal": "NONE",
    "spawnEntries": [
      {
        "entity": {
          "value": "EntityZombie"
        },
        "minGroup": 1,
        "maxGroup": 8,
        "weight": 20,
        "spawnType": "monster"
      },
      {
        "entity": {
          "value": "EntityCreeper"
        },
        "minGroup": 1,
        "maxGroup": 4,
        "weight": 20,
        "spawnType": "monster"
      },
      {
        "entity": {
          "value": "EntityEnderman"
        },
        "minGroup": 1,
        "maxGroup": 4,
        "weight": 5,
        "spawnType": "monster"
      },
      {
        "entity": {
          "value": "EntitySkeleton"
        },
        "minGroup": 1,
        "maxGroup": 4,
        "weight": 20,
        "spawnType": "monster"
      },
      {
        "entity": {
          "value": "EntityWolf"
        },
        "minGroup": 1,
        "maxGroup": 8,
        "weight": 20,
        "spawnType": "creature"
      },
      {
        "entity": {
          "value": "EntityChicken"
        },
        "minGroup": 1,
        "maxGroup": 8,
        "weight": 20,
        "spawnType": "monster"
      },
      {
        "entity": {
          "value": "EntityGoat"
        },
        "minGroup": 1,
        "maxGroup": 8,
        "weight": 20,
        "spawnType": "monster"
      },
      {
        "entity": {
          "value": "CUSTOM:RadZombie"
        },
        "minGroup": 1,
        "maxGroup": 8,
        "weight": 80,
        "spawnType": "monster"
      },
      {
        "entity": {
          "value": "CUSTOM:DayRadZombie"
        },
        "minGroup": 1,
        "maxGroup": 8,
        "weight": 80,
        "spawnType": "creature"
      }
    ]
  }
}