{
  "_fv": 24,
  "_type": "gui",
  "definition": {
    "type": 0,
    "width": 176,
    "height": 166,
    "inventoryOffsetX": 0,
    "inventoryOffsetY": 0,
    "renderBgLayer": true,
    "doesPauseGame": false,
    "components": [
      {
        "type": "textfield",
        "data": {
          "placeholder": "Target X Position",
          "width": 120,
          "height": 20,
          "name": "xTarget",
          "x": 131,
          "y": 59
        }
      },
      {
        "type": "textfield",
        "data": {
          "placeholder": "Target Z Position",
          "width": 120,
          "height": 20,
          "name": "zTarget",
          "x": 131,
          "y": 80
        }
      },
      {
        "type": "label",
        "data": {
          "text": "<BNBT:text:readyFireStr>",
          "color": {
            "value": -10066432,
            "falpha": 0.0
          },
          "name": "<BNBT:text:readyFireStr>",
          "x": 141,
          "y": 112
        }
      },
      {
        "type": "button",
        "data": {
          "text": "Set Target Position",
          "onClick": {
            "name": "ComputerSetTarget"
          },
          "width": 120,
          "height": 20,
          "name": "Set Target Position",
          "x": 150,
          "y": 137
        }
      },
      {
        "type": "label",
        "data": {
          "text": "Enter Missile Destination",
          "color": {
            "value": -65485,
            "falpha": 0.0
          },
          "name": "Enter Missile Destination",
          "x": 152,
          "y": 43
        }
      }
    ],
    "gridSettings": {
      "sx": 18,
      "sy": 18,
      "ox": 11,
      "oy": 15,
      "snapOnGrid": false
    }
  }
}