{
  "_fv": 24,
  "_type": "recipe",
  "definition": {
    "recipeType": "Crafting",
    "xpReward": 0.0,
    "cookingTime": 200,
    "recipeRetstackSize": 1,
    "group": "",
    "recipeShapeless": false,
    "recipeSlots": [
      {
        "value": "Items.GUNPOWDER"
      },
      {
        "value": "Items.GUNPOWDER"
      },
      {
        "value": "Items.GUNPOWDER"
      },
      {
        "value": "Items.GUNPOWDER"
      },
      {
        "value": "Items.GUNPOWDER"
      },
      {
        "value": "Items.GUNPOWDER"
      },
      {
        "value": "Items.GUNPOWDER"
      },
      {
        "value": "Items.GUNPOWDER"
      },
      {
        "value": "Items.GUNPOWDER"
      }
    ],
    "recipeReturnStack": {
      "value": "CUSTOM:LightCompressedGunpowder"
    },
    "name": "light_compressed_gunpowder_recipe",
    "namespace": "mod"
  }
}