{
  "_fv": 24,
  "_type": "recipe",
  "definition": {
    "recipeType": "Crafting",
    "xpReward": 0.0,
    "cookingTime": 200,
    "recipeRetstackSize": 1,
    "group": "",
    "recipeShapeless": false,
    "recipeSlots": [
      {
        "value": "Items.CLOCK"
      },
      {
        "value": "Items.CLOCK"
      },
      {
        "value": "Items.CLOCK"
      },
      {
        "value": "CUSTOM:ChipPlate"
      },
      {
        "value": "CUSTOM:ChipBase"
      },
      {
        "value": "CUSTOM:ChipPlate"
      },
      {
        "value": "Items.CLOCK"
      },
      {
        "value": "Items.CLOCK"
      },
      {
        "value": "Items.CLOCK"
      }
    ],
    "recipeReturnStack": {
      "value": "CUSTOM:RAMStick"
    },
    "name": "ram_stick_recipe",
    "namespace": "mod"
  }
}