{
  "_fv": 24,
  "_type": "recipe",
  "definition": {
    "recipeType": "Crafting",
    "xpReward": 0.0,
    "cookingTime": 200,
    "recipeRetstackSize": 1,
    "group": "",
    "recipeShapeless": false,
    "recipeSlots": [
      {
        "value": "Blocks.DIRT#0"
      },
      {
        "value": "Items.ROTTEN_FLESH"
      },
      {
        "value": "Blocks.DIRT#0"
      },
      {
        "value": "Items.ROTTEN_FLESH"
      },
      {
        "value": "CUSTOM:FinnedEmptyMissile"
      },
      {
        "value": "Items.ROTTEN_FLESH"
      },
      {
        "value": "Blocks.DIRT#0"
      },
      {
        "value": "Items.ROTTEN_FLESH"
      },
      {
        "value": "Blocks.DIRT#0"
      }
    ],
    "recipeReturnStack": {
      "value": "CUSTOM:RichardItem"
    },
    "name": "richard_recipe",
    "namespace": "mod"
  }
}