{
	"format_version": "1.12.0",
	"minecraft:geometry": [
		{
			"description": {
				"identifier": "geometry.termite_hill",
				"texture_width": 32,
				"texture_height": 32,
				"visible_bounds_width": 2,
				"visible_bounds_height": 1.5,
				"visible_bounds_offset": [0, 0.25, 0]
			},
			"bones": [
				{
					"name": "all",
					"pivot": [0, 0, 0]
				},
				{
					"name": "mound",
					"parent": "all",
					"pivot": [0, 0.5, 0],
					"cubes": [
						{"origin": [-3, 0, -3], "size": [6, 1, 6], "uv": [0, 0]}
					]
				},
				{
					"name": "mound2",
					"parent": "mound",
					"pivot": [0, 1.5, 0],
					"cubes": [
						{"origin": [-2, 1, -2], "size": [4, 1, 4], "uv": [0, 7]}
					]
				},
				{
					"name": "mound3",
					"parent": "mound2",
					"pivot": [0, 0.7, 0],
					"cubes": [
						{"origin": [-1, 2, -1], "size": [2, 1, 2], "uv": [0, 12]}
					]
				},
				{
					"name": "mound4",
					"parent": "mound3",
					"pivot": [0, 3.1, -0.05],
					"cubes": [
						{"origin": [-0.4, 3, -0.6], "size": [0.8, 0.2, 1.1], "uv": [0, 0]}
					]
				}
			]
		}
	]
}