{
  "args0": [
    {
      "type": "field_data_list_selector",
      "name": "mode",
      "datalist": "rendermodes"
    },
    {
      "type": "field_image",
      "src": "./res/client.png",
      "width": 8,
      "height": 24
    },
    {
      "type": "input_dummy"
    },
    {
      "type": "input_statement",
      "name": "do"
    }
  ],
  "inputsInline": true,
  "previousStatement": null,
  "nextStatement": null,
  "colour": 120,
  "mcreator": {
    "toolbox_id": "rendermanagement",
    "fields": [
      "mode"
    ],
    "statements": [
      {
        "name": "do"
      }
    ]
  }
}