{
  "args0": [
    {
      "type": "field_checkbox",
      "name": "deepsky",
      "checked": true
    },
    {
      "type": "field_checkbox",
      "name": "sunlights",
      "checked": true
    },
    {
      "type": "field_checkbox",
      "name": "sun",
      "checked": true
    },
    {
      "type": "field_checkbox",
      "name": "moon",
      "checked": true
    },
    {
      "type": "field_checkbox",
      "name": "stars",
      "checked": true
    },
    {
      "type": "field_checkbox",
      "name": "abyss",
      "checked": true
    },
    {
      "type": "field_image",
      "src": "./res/client.png",
      "width": 8,
      "height": 24
    }
  ],
  "inputsInline": true,
  "previousStatement": null,
  "nextStatement": null,
  "colour": 120,
  "mcreator": {
    "toolbox_id": "rendermanagement",
    "fields": [
      "deepsky",
      "sunlights",
      "sun",
      "moon",
      "stars",
      "abyss"
    ],
    "dependencies": [
      {
        "name": "pose",
        "type": "pose"
      },
      {
        "name": "world",
        "type": "world"
      }
    ]
  }
}