{
  "args0": [
    {
      "type": "input_value",
      "name": "pose",
      "check": "Pose"
    },
    {
      "type": "input_value",
      "name": "size",
      "check": "Number"
    },
    {
      "type": "field_checkbox",
      "name": "constant",
      "checked": true
    },
    {
      "type": "field_image",
      "src": "./res/client.png",
      "width": 8,
      "height": 24
    }
  ],
  "inputsInline": true,
  "previousStatement": null,
  "nextStatement": null,
  "colour": 120,
  "mcreator": {
    "toolbox_id": "rendermanagement",
    "toolbox_init": [
      "<value name=\"pose\"><block type=\"provided_pose\"></block></value>",
      "<value name=\"size\"><block type=\"math_number\"><field name=\"NUM\">30</field></block></value>"
    ],
    "inputs": [
      "pose",
      "size"
    ],
    "fields": [
      "constant"
    ],
    "dependencies": [
      {
        "name": "world",
        "type": "world"
      }
    ]
  }
}