{
  "args0": [
    {
      "type": "field_checkbox",
      "name": "phase",
      "checked": true
    },
    {
      "type": "field_checkbox",
      "name": "constant",
      "checked": false
    },
    {
      "type": "field_image",
      "src": "./res/client.png",
      "width": 8,
      "height": 24
    }
  ],
  "inputsInline": true,
  "previousStatement": null,
  "nextStatement": null,
  "colour": 120,
  "mcreator": {
    "toolbox_id": "rendermanagement",
    "fields": [
      "phase",
      "constant"
    ],
    "dependencies": [
      {
        "name": "pose",
        "type": "pose"
      },
      {
        "name": "world",
        "type": "world"
      }
    ]
  }
}