{
  "type": "minecraft:crafting_shaped",
  "pattern": [
    " 1 ",
    "345",
    "678"
  ],
  "key": {
    "1": {
      "item": "minecraft:iron_ingot"
    },
    "3": {
      "item": "minecraft:leather"
    },
    "4": {
      "item": "steves_backpacks:leather_backpack"
    },
    "5": {
      "item": "minecraft:leather"
    },
    "6": {
      "item": "minecraft:leather"
    },
    "7": {
      "item": "minecraft:leather"
    },
    "8": {
      "item": "minecraft:leather"
    }
  },
  "result": {
    "item": "steves_backpacks:briefcase",
    "count": 1
  }
}