{
  "_fv": 24,
  "_type": "recipe",
  "definition": {
    "recipeType": "Crafting",
    "xpReward": 0.0,
    "cookingTime": 200,
    "recipeRetstackSize": 1,
    "group": "",
    "recipeShapeless": false,
    "recipeSlots": [
      {
        "value": ""
      },
      {
        "value": "CUSTOM:MissileCap"
      },
      {
        "value": ""
      },
      {
        "value": "CUSTOM:MissileTube"
      },
      {
        "value": "Blocks.IRON_BLOCK"
      },
      {
        "value": "CUSTOM:MissileTube"
      },
      {
        "value": "CUSTOM:MissileBarrel"
      },
      {
        "value": ""
      },
      {
        "value": "CUSTOM:MissileBarrel"
      }
    ],
    "recipeReturnStack": {
      "value": "CUSTOM:AdvancedEmptyMissile"
    },
    "name": "advanced_empty_missile_recipe",
    "namespace": "mod"
  }
}