{
  "_fv": 24,
  "_type": "recipe",
  "definition": {
    "recipeType": "Crafting",
    "xpReward": 0.0,
    "cookingTime": 200,
    "recipeRetstackSize": 1,
    "group": "",
    "recipeShapeless": false,
    "recipeSlots": [
      {
        "value": ""
      },
      {
        "value": "CUSTOM:PowerSupply"
      },
      {
        "value": ""
      },
      {
        "value": "CUSTOM:RAMStick"
      },
      {
        "value": "CUSTOM:BasicComputer"
      },
      {
        "value": "CUSTOM:RAMStick"
      },
      {
        "value": ""
      },
      {
        "value": "CUSTOM:SolidStateDrive"
      },
      {
        "value": ""
      }
    ],
    "recipeReturnStack": {
      "value": "CUSTOM:AdvancedComputer"
    },
    "name": "advanced_computer_recipe",
    "namespace": "mod"
  }
}