{
  "_fv": 24,
  "_type": "recipe",
  "definition": {
    "recipeType": "Crafting",
    "xpReward": 0.0,
    "cookingTime": 200,
    "recipeRetstackSize": 1,
    "group": "",
    "recipeShapeless": false,
    "recipeSlots": [
      {
        "value": "CUSTOM:LightCompressedGunpowder"
      },
      {
        "value": "CUSTOM:HeavyCompressedGunpowder"
      },
      {
        "value": "CUSTOM:LightCompressedGunpowder"
      },
      {
        "value": "CUSTOM:HeavyCompressedGunpowder"
      },
      {
        "value": "CUSTOM:HeavyEmptyMissile"
      },
      {
        "value": "CUSTOM:HeavyCompressedGunpowder"
      },
      {
        "value": "CUSTOM:LightCompressedGunpowder"
      },
      {
        "value": "CUSTOM:HeavyCompressedGunpowder"
      },
      {
        "value": "CUSTOM:LightCompressedGunpowder"
      }
    ],
    "recipeReturnStack": {
      "value": "CUSTOM:BigPapaItem"
    },
    "name": "big_papa_recipe",
    "namespace": "mod"
  }
}