{
  "_fv": 24,
  "_type": "gui",
  "definition": {
    "type": 1,
    "width": 176,
    "height": 166,
    "inventoryOffsetX": 0,
    "inventoryOffsetY": 0,
    "renderBgLayer": true,
    "doesPauseGame": false,
    "components": [
      {
        "type": "inputslot",
        "data": {
          "inputLimit": {
            "value": ""
          },
          "color": {
            "value": -16777216,
            "falpha": 0.0
          },
          "id": 0,
          "disableStackInteraction": false,
          "dropItemsWhenNotBound": false,
          "name": "Slot #0",
          "x": 204,
          "y": 98
        }
      },
      {
        "type": "label",
        "data": {
          "text": "Coal",
          "color": {
            "value": -16777216,
            "falpha": 0.0
          },
          "name": "Coal",
          "x": 202,
          "y": 63
        }
      },
      {
        "type": "label",
        "data": {
          "text": "Charcoal",
          "color": {
            "value": -16777216,
            "falpha": 0.0
          },
          "name": "Charcoal",
          "x": 193,
          "y": 83
        }
      },
      {
        "type": "label",
        "data": {
          "text": "or",
          "color": {
            "value": -16777216,
            "falpha": 0.0
          },
          "name": "or",
          "x": 208,
          "y": 73
        }
      },
      {
        "type": "label",
        "data": {
          "text": "Fuel with either",
          "color": {
            "value": -16777216,
            "falpha": 0.0
          },
          "name": "Fuel with either",
          "x": 174,
          "y": 51
        }
      },
      {
        "type": "button",
        "data": {
          "text": "Pickup",
          "onClick": {
            "name": "PickupBoringTank"
          },
          "width": 55,
          "height": 20,
          "name": "Pickup",
          "x": 133,
          "y": 94
        }
      }
    ],
    "gridSettings": {
      "sx": 18,
      "sy": 18,
      "ox": 11,
      "oy": 15,
      "snapOnGrid": false
    }
  }
}