{
  "_fv": 24,
  "_type": "item",
  "definition": {
    "renderType": 0,
    "texture": "computer_case",
    "customModelName": "Normal",
    "name": "Computer Case",
    "rarity": "COMMON",
    "creativeTab": {
      "value": "CUSTOM:StevesICBM"
    },
    "stackSize": 64,
    "enchantability": 0,
    "useDuration": 0,
    "toolType": 1.0,
    "damageCount": 0,
    "recipeRemainder": {
      "value": ""
    },
    "destroyAnyBlock": false,
    "immuneToFire": false,
    "stayInGridWhenCrafting": false,
    "damageOnCrafting": false,
    "enableMeleeDamage": false,
    "damageVsEntity": 0.0,
    "specialInfo": [
      "used for housing computing components"
    ],
    "hasGlow": false,
    "guiBoundTo": "<NONE>",
    "inventorySize": 9,
    "inventoryStackSize": 64,
    "hasDispenseBehavior": false
  }
}