{
  "_fv": 24,
  "_type": "recipe",
  "definition": {
    "recipeType": "Crafting",
    "xpReward": 0.0,
    "cookingTime": 200,
    "recipeRetstackSize": 1,
    "group": "",
    "recipeShapeless": false,
    "recipeSlots": [
      {
        "value": "Blocks.END_ROD"
      },
      {
        "value": "Blocks.END_ROD"
      },
      {
        "value": "Blocks.END_ROD"
      },
      {
        "value": "Blocks.END_ROD"
      },
      {
        "value": "CUSTOM:AdvancedEmptyMissile"
      },
      {
        "value": "Blocks.END_ROD"
      },
      {
        "value": "Blocks.END_ROD"
      },
      {
        "value": "Blocks.END_ROD"
      },
      {
        "value": "Blocks.END_ROD"
      }
    ],
    "recipeReturnStack": {
      "value": "CUSTOM:HaarpItem"
    },
    "name": "haarp_missile_recipe",
    "namespace": "mod"
  }
}