{
  "_fv": 24,
  "_type": "recipe",
  "definition": {
    "recipeType": "Crafting",
    "xpReward": 0.0,
    "cookingTime": 200,
    "recipeRetstackSize": 1,
    "group": "",
    "recipeShapeless": false,
    "recipeSlots": [
      {
        "value": ""
      },
      {
        "value": ""
      },
      {
        "value": ""
      },
      {
        "value": ""
      },
      {
        "value": "Blocks.IRON_BLOCK"
      },
      {
        "value": ""
      },
      {
        "value": "Blocks.IRON_BLOCK"
      },
      {
        "value": "Items.IRON_INGOT"
      },
      {
        "value": "Blocks.IRON_BLOCK"
      }
    ],
    "recipeReturnStack": {
      "value": "CUSTOM:MissileCap"
    },
    "name": "missile_cap_recipe",
    "namespace": "mod"
  }
}