{
  "_fv": 24,
  "_type": "recipe",
  "definition": {
    "recipeType": "Crafting",
    "xpReward": 0.0,
    "cookingTime": 200,
    "recipeRetstackSize": 1,
    "group": "",
    "recipeShapeless": false,
    "recipeSlots": [
      {
        "value": "Items.BLAZE_ROD"
      },
      {
        "value": "Items.BLAZE_ROD"
      },
      {
        "value": "Items.BLAZE_ROD"
      },
      {
        "value": "Items.MAGMA_CREAM"
      },
      {
        "value": "CUSTOM:AdvancedEmptyMissile"
      },
      {
        "value": "Items.MAGMA_CREAM"
      },
      {
        "value": "Items.BLAZE_ROD"
      },
      {
        "value": "Items.BLAZE_ROD"
      },
      {
        "value": "Items.BLAZE_ROD"
      }
    ],
    "recipeReturnStack": {
      "value": "CUSTOM:NetherMissileItem"
    },
    "name": "nether_bomb_recipe",
    "namespace": "mod"
  }
}