{
  "_fv": 24,
  "_type": "recipe",
  "definition": {
    "recipeType": "Crafting",
    "xpReward": 0.0,
    "cookingTime": 200,
    "recipeRetstackSize": 1,
    "group": "",
    "recipeShapeless": false,
    "recipeSlots": [
      {
        "value": "Blocks.STAINED_GLASS_PANE#15"
      },
      {
        "value": "Blocks.STAINED_GLASS_PANE#15"
      },
      {
        "value": "Blocks.STAINED_GLASS_PANE#15"
      },
      {
        "value": "Blocks.STAINED_GLASS_PANE#15"
      },
      {
        "value": "Blocks.STAINED_GLASS_PANE#15"
      },
      {
        "value": "Blocks.STAINED_GLASS_PANE#15"
      },
      {
        "value": "Blocks.STAINED_GLASS_PANE#15"
      },
      {
        "value": "Blocks.STAINED_GLASS_PANE#15"
      },
      {
        "value": "Blocks.STAINED_GLASS_PANE#15"
      }
    ],
    "recipeReturnStack": {
      "value": "CUSTOM:ViewingScreen"
    },
    "name": "viewing_screen_recipe",
    "namespace": "mod"
  }
}