{
  "group": "stevesicbm",
  "type": "minecraft:crafting_shaped",
  "pattern": [
    "012",
    "345",
    "678"
  ],
  "key": {
    "0": {
      "item": "stevesicbm:power_supply"
    },
    "1": {
      "item": "stevesicbm:cpu"
    },
    "2": {
      "item": "stevesicbm:hard_disk_drive"
    },
    "3": {
      "item": "stevesicbm:power_cable"
    },
    "4": {
      "item": "stevesicbm:motherboard"
    },
    "5": {
      "item": "stevesicbm:gpu"
    },
    "6": {
      "item": "stevesicbm:data_cable"
    },
    "7": {
      "item": "stevesicbm:computer_case"
    },
    "8": {
      "item": "stevesicbm:ram_stick"
    }
  },
  "result": {
    "item": "stevesicbm:basic_computer",
    "count": 1
  }
}