{
  "group": "stevesicbm",
  "type": "minecraft:crafting_shaped",
  "pattern": [
    " 1 ",
    "345",
    "678"
  ],
  "key": {
    "1": {
      "item": "minecraft:green_dye"
    },
    "3": {
      "item": "stevesicbm:gold_wire"
    },
    "4": {
      "item": "stevesicbm:gold_wire"
    },
    "5": {
      "item": "stevesicbm:gold_wire"
    },
    "6": {
      "item": "minecraft:iron_ingot"
    },
    "7": {
      "item": "minecraft:iron_ingot"
    },
    "8": {
      "item": "minecraft:iron_ingot"
    }
  },
  "result": {
    "item": "stevesicbm:chip_base",
    "count": 1
  }
}