{
  "group": "stevesicbm",
  "type": "minecraft:crafting_shaped",
  "pattern": [
    "012",
    " 4 ",
    "678"
  ],
  "key": {
    "0": {
      "item": "stevesicbm:missile_fin"
    },
    "1": {
      "item": "stevesicbm:missile_cap"
    },
    "2": {
      "item": "stevesicbm:missile_fin"
    },
    "4": {
      "item": "stevesicbm:missile_tube"
    },
    "6": {
      "item": "stevesicbm:missile_fin"
    },
    "7": {
      "item": "stevesicbm:missile_barrel"
    },
    "8": {
      "item": "stevesicbm:missile_fin"
    }
  },
  "result": {
    "item": "stevesicbm:finned_empty_missile",
    "count": 1
  }
}