{
  "_fv": 43,
  "_type": "recipe",
  "definition": {
    "recipeType": "Crafting",
    "recipeRetstackSize": 1,
    "group": "",
    "cookingBookCategory": "MISC",
    "xpReward": 0.0,
    "cookingTime": 200,
    "craftingBookCategory": "MISC",
    "recipeShapeless": false,
    "recipeSlots": [
      {
        "value": "Items.STRING"
      },
      {
        "value": "Items.GOLD_INGOT"
      },
      {
        "value": "Items.STRING"
      },
      {
        "value": "Items.GOLD_INGOT"
      },
      {
        "value": "CUSTOM:LeatherBackpack"
      },
      {
        "value": "Items.GOLD_INGOT"
      },
      {
        "value": "Items.STRING"
      },
      {
        "value": "Items.GOLD_INGOT"
      },
      {
        "value": "Items.STRING"
      }
    ],
    "recipeReturnStack": {
      "value": "CUSTOM:GoldBackpack"
    },
    "name": "gold_backpack_recipe",
    "namespace": "mod"
  }
}