{
  "type": "steves_wasteland3:dead_tree_woods_gen",
  "config": {
    "allowed_placement": {
      "type": "minecraft:matching_blocks",
      "blocks": "minecraft:air"
    },
    "direction": "up",
    "layers": [
      {
        "height": {
          "type": "uniform",
          "value": {
            "min_inclusive": 5,
            "max_inclusive": 9
          }
        },
        "provider": {
          "type": "minecraft:simple_state_provider",
          "state": {
            "Name": "steves_wasteland3:dead_wood_log_block",
            "Properties": {
              "axis": "y"
            }
          }
        }
      }
    ],
    "prioritize_tip": false
  }
}