{
	"format_version": "1.8.0",
	"animations": {
		"stand_idle": {
			"loop": true,
			"animation_length": 1,
			"bones": {
				"all": {
					"rotation": {
						"0.0": {
							"vector": [0, 0, 0]
						},
						"1.0": {
							"vector": [0, 0, 0]
						}
					},
					"position": {
						"0.0": {
							"vector": [0, 0, 0]
						},
						"1.0": {
							"vector": [0, 0, 0]
						}
					}
				},
				"belly": {
					"rotation": {
						"0.0": {
							"vector": [0, 0, 0]
						},
						"0.5": {
							"vector": [12.5, 0, 0]
						},
						"1.0": {
							"vector": [0, 0, 0]
						}
					}
				},
				"torso": {
					"rotation": {
						"0.0": {
							"vector": [10, 0, 0]
						},
						"0.5": {
							"vector": [-7.5, 0, 0]
						},
						"1.0": {
							"vector": [10, 0, 0]
						}
					}
				},
				"head": {
					"rotation": {
						"0.0": {
							"vector": [0, 0, 0]
						},
						"1.0": {
							"vector": [0, 0, 0]
						}
					}
				},
				"nose": {
					"rotation": {
						"0.0": {
							"vector": [0, 0, 0]
						},
						"1.0": {
							"vector": [0, 0, 0]
						}
					}
				},
				"right_arm": {
					"rotation": {
						"0.0": {
							"vector": [0, 0, 0]
						},
						"0.5": {
							"vector": [-32.5, 0, 0]
						},
						"1.0": {
							"vector": [0, 0, 0]
						}
					}
				},
				"left_arm": {
					"rotation": {
						"0.0": {
							"vector": [0, 0, 0]
						},
						"0.5": {
							"vector": [-32.5, 0, 0]
						},
						"1.0": {
							"vector": [0, 0, 0]
						}
					}
				},
				"right_leg": {
					"rotation": {
						"0.0": {
							"vector": [0, 0, 0]
						},
						"1.0": {
							"vector": [0, 0, 0]
						}
					}
				},
				"left_leg": {
					"rotation": {
						"0.0": {
							"vector": [0, 0, 0]
						},
						"1.0": {
							"vector": [0, 0, 0]
						}
					}
				},
				"tail": {
					"rotation": {
						"0.0": {
							"vector": [0, 0, 0]
						},
						"0.5": {
							"vector": [-17.5, 0, 0]
						},
						"1.0": {
							"vector": [0, 0, 0]
						}
					}
				},
				"right_ear": {
					"rotation": {
						"0.0": {
							"vector": [0, 0, 0]
						},
						"1.0": {
							"vector": [0, 0, 0]
						}
					}
				},
				"left_ear": {
					"rotation": {
						"0.0": {
							"vector": [0, 0, 0]
						},
						"1.0": {
							"vector": [0, 0, 0]
						}
					}
				}
			}
		},
		"walk": {
			"loop": true,
			"animation_length": 0.5,
			"bones": {
				"all": {
					"rotation": {
						"0.0": {
							"vector": [89, 0, 0]
						},
						"0.5": {
							"vector": [89, 0, 0]
						}
					},
					"position": {
						"0.0": {
							"vector": [0, 2, 5]
						},
						"0.5": {
							"vector": [0, 2, 5]
						}
					}
				},
				"belly": {
					"rotation": {
						"0.0": {
							"vector": [12.5, 0, 0]
						},
						"0.25": {
							"vector": [22.5, 0, 0]
						},
						"0.5": {
							"vector": [12.5, 0, 0]
						}
					}
				},
				"torso": {
					"rotation": {
						"0.0": {
							"vector": [-5, 0, 0]
						},
						"0.25": {
							"vector": [-17.5, 0, 0]
						},
						"0.5": {
							"vector": [-5, 0, 0]
						}
					}
				},
				"head": {
					"rotation": {
						"0.0": {
							"vector": [-100, 0, 0]
						},
						"0.5": {
							"vector": [-100, 0, 0]
						}
					}
				},
				"right_arm": {
					"rotation": {
						"0.0": {
							"vector": [-132.5, 0, 0]
						},
						"0.25": {
							"vector": [-65, 0, 0]
						},
						"0.5": {
							"vector": [-132.5, 0, 0]
						}
					}
				},
				"left_arm": {
					"rotation": {
						"0.0": {
							"vector": [-67.5, 0, 0]
						},
						"0.25": {
							"vector": [-136.67069, 4.93429, -2.89554]
						},
						"0.5": {
							"vector": [-67.5, 0, 0]
						}
					}
				},
				"right_leg": {
					"rotation": {
						"0.0": {
							"vector": [17.5, 0, 0]
						},
						"0.25": {
							"vector": [-112.5, 0, 0]
						},
						"0.5": {
							"vector": [17.5, 0, 0]
						}
					}
				},
				"left_leg": {
					"rotation": {
						"0.0": {
							"vector": [-117.5, 0, 0]
						},
						"0.25": {
							"vector": [17.5, 0, 0]
						},
						"0.5": {
							"vector": [-117.5, 0, 0]
						}
					}
				},
				"tail": {
					"rotation": {
						"0.0": {
							"vector": [-131.15088, 11.72145, 13.0867]
						},
						"0.25": {
							"vector": [-121.88034, -6.6782, -10.59061]
						},
						"0.5": {
							"vector": [-131.15088, 11.72145, 13.0867]
						}
					}
				}
			}
		}
	},
	"geckolib_format_version": 2
}