{
	"format_version": "1.8.0",
	"animations": {
		"idle": {
			"loop": true,
			"animation_length": 0.5,
			"bones": {
				"all": {
					"rotation": {
						"0.0": {
							"vector": [0, 0, 0]
						},
						"0.5": {
							"vector": [0, 0, 0]
						}
					}
				},
				"headconnection": {
					"rotation": {
						"vector": [0, 0, 0]
					}
				},
				"head": {
					"rotation": {
						"0.0": {
							"vector": [0, 0, 0]
						},
						"0.2083": {
							"vector": [0, 0, 7.5]
						},
						"0.5": {
							"vector": [0, 0, 0]
						}
					}
				},
				"Mandables": {
					"rotation": {
						"0.0": {
							"vector": [0, 0, 0]
						},
						"0.5": {
							"vector": [0, 0, 0]
						}
					}
				},
				"mandableleft": {
					"rotation": {
						"0.0": {
							"vector": [0, 0, 0]
						},
						"0.25": {
							"vector": [0, 5, 0]
						}
					}
				},
				"mandableright": {
					"rotation": {
						"0.0": {
							"vector": [0, 0, 0]
						},
						"0.25": {
							"vector": [0, -10, 0]
						}
					}
				},
				"abdomen": {
					"rotation": {
						"0.0": {
							"vector": [0, 0, 0]
						},
						"0.1667": {
							"vector": [0, -5, -1.66667]
						},
						"0.25": {
							"vector": [0, 0, -2.5]
						},
						"0.4167": {
							"vector": [0, 5, -0.83333]
						},
						"0.5": {
							"vector": [0, 0, 0]
						}
					}
				}
			}
		},
		"walk": {
			"loop": true,
			"animation_length": 0.5,
			"bones": {
				"all": {
					"rotation": {
						"0.0": {
							"vector": [0, 0, 0]
						},
						"0.5": {
							"vector": [0, 0, 0]
						}
					}
				},
				"thorax": {
					"rotation": {
						"0.0": {
							"vector": [0, 0, 0]
						},
						"0.5": {
							"vector": [0, 0, 0]
						}
					}
				},
				"leftlegs": {
					"rotation": {
						"0.0": {
							"vector": [0, 0, 0]
						},
						"0.5": {
							"vector": [0, 0, 0]
						}
					}
				},
				"back": {
					"rotation": {
						"0.0": {
							"vector": [0, 0, 0]
						},
						"0.1667": {
							"vector": [0, 20, 0]
						},
						"0.5": {
							"vector": [0, 0, 0]
						}
					}
				},
				"middle": {
					"rotation": {
						"0.0": {
							"vector": [0, 0, 0]
						},
						"0.25": {
							"vector": [0, 17.5, 0]
						},
						"0.5": {
							"vector": [0, 0, 0]
						}
					}
				},
				"front": {
					"rotation": {
						"0.0": {
							"vector": [0, 0, 0]
						},
						"0.1667": {
							"vector": [0, 20, 0]
						},
						"0.5": {
							"vector": [0, 0, 0]
						}
					}
				},
				"headconnection": {
					"rotation": {
						"0.0": {
							"vector": [0, 0, 0]
						},
						"0.5": {
							"vector": [0, 0, 0]
						}
					}
				},
				"head": {
					"rotation": {
						"0.0": {
							"vector": [0, 0, 0]
						},
						"0.2083": {
							"vector": [0, 0, 7.5]
						},
						"0.5": {
							"vector": [0, 0, 0]
						}
					}
				},
				"Mandables": {
					"rotation": {
						"0.0": {
							"vector": [0, 0, 0]
						},
						"0.5": {
							"vector": [0, 0, 0]
						}
					}
				},
				"mandableleft": {
					"rotation": {
						"0.0": {
							"vector": [0, 0, 0]
						},
						"0.25": {
							"vector": [0, 5, 0]
						}
					}
				},
				"mandableright": {
					"rotation": {
						"0.0": {
							"vector": [0, 0, 0]
						},
						"0.25": {
							"vector": [0, -10, 0]
						}
					}
				},
				"abdomen": {
					"rotation": {
						"0.0": {
							"vector": [0, 0, 0]
						},
						"0.1667": {
							"vector": [0, -5, -1.66667]
						},
						"0.25": {
							"vector": [0, 0, -2.5]
						},
						"0.4167": {
							"vector": [0, 5, -0.83333]
						},
						"0.5": {
							"vector": [0, 0, 0]
						}
					}
				},
				"RightLegs2": {
					"rotation": {
						"0.0": {
							"vector": [0, 0, 0]
						},
						"0.5": {
							"vector": [0, 0, 0]
						}
					}
				},
				"front2": {
					"rotation": {
						"0.0": {
							"vector": [0, 0, 0]
						},
						"0.25": {
							"vector": [0, -10, 0]
						},
						"0.5": {
							"vector": [0, 0, 0]
						}
					}
				},
				"middle2": {
					"rotation": {
						"0.0": {
							"vector": [0, 0, 0]
						},
						"0.25": {
							"vector": [0, -17.5, 0]
						},
						"0.5": {
							"vector": [0, 0, 0]
						}
					}
				},
				"back2": {
					"rotation": {
						"0.0": {
							"vector": [0, 0, 0]
						},
						"0.25": {
							"vector": [0, -12.5, 0]
						},
						"0.5": {
							"vector": [0, 0, 0]
						}
					}
				}
			}
		},
		"death": {
			"loop": "hold_on_last_frame",
			"animation_length": 1,
			"bones": {
				"all": {
					"rotation": {
						"0.0": {
							"vector": [-32.5, 0, 0]
						},
						"0.3333": {
							"vector": [-146.17, 0, 0]
						},
						"0.625": {
							"vector": [-180, 0, 0]
						}
					},
					"position": {
						"0.0": {
							"vector": [0, 1, -1]
						},
						"0.3333": {
							"vector": [0, 4.07, -2]
						},
						"0.625": {
							"vector": [0, 3, -1]
						},
						"1.0": {
							"vector": [0, 1.4, -1]
						}
					},
					"scale": {
						"0.0": {
							"vector": [1, 1, 1]
						},
						"0.3333": {
							"vector": [1.24, 1.24, 1.24]
						},
						"0.625": {
							"vector": [1.24, 1.24, 1.24]
						},
						"1.0": {
							"vector": [3.17, 0.36, 1.59]
						}
					}
				},
				"front": {
					"rotation": {
						"0.0": {
							"vector": [-75, 0, 0]
						},
						"0.625": {
							"vector": [20, 0, 0]
						},
						"1.0": {
							"vector": [82.5, 0, 0]
						}
					}
				},
				"middle": {
					"rotation": {
						"0.625": {
							"vector": [-57.5, 0, 0]
						},
						"1.0": {
							"vector": [105, 0, 0]
						}
					}
				},
				"back": {
					"rotation": {
						"0.0": {
							"vector": [-65, 0, 0]
						},
						"0.625": {
							"vector": [7.5, 0, 0]
						},
						"1.0": {
							"vector": [100, 0, 0]
						}
					}
				},
				"headconnection": {
					"rotation": {
						"0.0": {
							"vector": [0, 0, 62.5]
						},
						"0.625": {
							"vector": [0, 0, -70]
						},
						"1.0": {
							"vector": [0, 0, 22.5]
						}
					}
				},
				"head": {
					"rotation": {
						"vector": [0, 0, -25]
					}
				},
				"mandableleft": {
					"rotation": {
						"0.0": {
							"vector": [0, 0, -35]
						},
						"0.625": {
							"vector": [0, 0, 32.5]
						},
						"1.0": {
							"vector": [0, -17.5, 52.5]
						}
					}
				},
				"mandableright": {
					"rotation": {
						"0.0": {
							"vector": [0, 0, -52.5]
						},
						"0.625": {
							"vector": [0, 0, 15]
						},
						"1.0": {
							"vector": [0, 27.5, 40]
						}
					}
				},
				"abdomen": {
					"rotation": {
						"0.0": {
							"vector": [0, 0, 37.5]
						},
						"0.625": {
							"vector": [0, 0, 82.5]
						},
						"1.0": {
							"vector": [0, 0, -2.5]
						}
					}
				},
				"front2": {
					"rotation": {
						"0.0": {
							"vector": [-52.5, 0, 0]
						},
						"0.625": {
							"vector": [30, 0, 0]
						},
						"1.0": {
							"vector": [70, 0, 0]
						}
					}
				},
				"middle2": {
					"rotation": {
						"0.625": {
							"vector": [-60, 0, 0]
						},
						"1.0": {
							"vector": [77.5, 0, 0]
						}
					}
				},
				"back2": {
					"rotation": {
						"0.0": {
							"vector": [-42.5, 0, 0]
						},
						"0.625": {
							"vector": [7.5, 0, 0]
						},
						"1.0": {
							"vector": [80, 0, 0]
						}
					}
				}
			}
		},
		"eat": {
			"animation_length": 0.33333,
			"bones": {
				"all": {
					"rotation": {
						"0.0": {
							"vector": [-35, 0, 0]
						},
						"0.1667": {
							"vector": [-7.5, 0, 0]
						},
						"0.3333": {
							"vector": [0, 0, 0]
						}
					},
					"position": {
						"0.0": {
							"vector": [0, 0.5, -1]
						},
						"0.1667": {
							"vector": [0, 0.5, -1.3]
						},
						"0.3333": {
							"vector": [0, -0.3, -1.3]
						}
					}
				},
				"front": {
					"rotation": {
						"0.0": {
							"vector": [-0.52191, 81.58775, -13.5559]
						},
						"0.1667": {
							"vector": [-24.62982, 56.28848, -79.15801]
						},
						"0.3333": {
							"vector": [-34.54244, 36.75385, -90.7921]
						}
					}
				},
				"middle": {
					"rotation": {
						"0.0": {
							"vector": [52.5, 0, -27.5]
						},
						"0.1667": {
							"vector": [28.80286, 10.54794, -13.45603]
						},
						"0.3333": {
							"vector": [24.62056, 15.38027, -1.64674]
						}
					}
				},
				"back": {
					"rotation": {
						"0.0": {
							"vector": [25, 0, -32.5]
						},
						"0.1667": {
							"vector": [10.18939, -1.5854, -9.12659]
						},
						"0.3333": {
							"vector": [8.82719, -5.34961, 13.10156]
						}
					}
				},
				"headconnection": {
					"rotation": {
						"0.0": {
							"vector": [0, 0, 30]
						},
						"0.1667": {
							"vector": [0, 0, 67.5]
						}
					}
				},
				"head": {
					"rotation": {
						"0.0": {
							"vector": [0, 0, -72.5]
						},
						"0.1667": {
							"vector": [0, 0, -112.5]
						},
						"0.3333": {
							"vector": [0, 0, -17.5]
						}
					},
					"scale": {
						"0.0": {
							"vector": [1, 1, 1]
						},
						"0.1667": {
							"vector": [2.7, 2.7, 2.7]
						},
						"0.3333": {
							"vector": [1, 1, 1]
						}
					}
				},
				"mandableleft": {
					"rotation": {
						"0.0": {
							"vector": [-13.46783, -32.61461, 23.9568]
						},
						"0.1667": {
							"vector": [23.45477, 11.42632, 14.28439]
						}
					}
				},
				"mandableright": {
					"rotation": {
						"0.0": {
							"vector": [14.70516, 34.89321, 24.64445]
						},
						"0.1667": {
							"vector": [-10.87122, -16.40008, 17.57468]
						}
					}
				},
				"abdomen": {
					"rotation": {
						"0.0": {
							"vector": [0, 0, -35]
						},
						"0.1667": {
							"vector": [0, 0, 5]
						},
						"0.3333": {
							"vector": [0, 0, 5]
						}
					}
				},
				"front2": {
					"rotation": {
						"0.0": {
							"vector": [45, 15, -42.5]
						},
						"0.1667": {
							"vector": [50.72277, 1.34567, 7.44461]
						},
						"0.3333": {
							"vector": [10.33351, 3.17736, -2.3943]
						}
					}
				},
				"middle2": {
					"rotation": {
						"0.0": {
							"vector": [57.5, 0, 25]
						},
						"0.1667": {
							"vector": [31.21777, -9.29798, 10.10851]
						},
						"0.3333": {
							"vector": [9.84093, 2.66324, -9.01624]
						}
					}
				},
				"back2": {
					"rotation": {
						"0.0": {
							"vector": [15, 0, 37.5]
						},
						"0.1667": {
							"vector": [13.7003, -8.85092, 8.5187]
						},
						"0.3333": {
							"vector": [3.46503, -8.23677, -6.63797]
						}
					}
				}
			}
		},
		"jump": {
			"animation_length": 1,
			"bones": {
				"all": {
					"rotation": {
						"0.0": {
							"vector": [0, 0, 0]
						},
						"0.125": {
							"vector": [-90, 0, 0]
						},
						"1.0": {
							"vector": [0, 0, 0]
						}
					},
					"position": {
						"0.0": {
							"vector": [0, 0.1, -0.8]
						},
						"0.125": {
							"vector": [0, 3, -2]
						},
						"1.0": {
							"vector": [0, 0.1, -0.8]
						}
					},
					"scale": {
						"0.0": {
							"vector": [1, 1, 1]
						},
						"0.25": {
							"vector": [0.4, 0.5, 3]
						},
						"1.0": {
							"vector": [1, 1, 1]
						}
					}
				},
				"thorax": {
					"rotation": {
						"0.0": {
							"vector": [0, 0, 0]
						},
						"1.0": {
							"vector": [0, 0, 0]
						}
					}
				},
				"leftlegs": {
					"rotation": {
						"0.0": {
							"vector": [0, 0, 0]
						},
						"1.0": {
							"vector": [0, 0, 0]
						}
					}
				},
				"front": {
					"rotation": {
						"0.0": {
							"vector": [0, 0, 0]
						},
						"0.125": {
							"vector": [-72.5, 0, 0]
						},
						"1.0": {
							"vector": [0, 0, 0]
						}
					}
				},
				"middle": {
					"rotation": {
						"0.0": {
							"vector": [0, 0, 0]
						},
						"1.0": {
							"vector": [0, 0, 0]
						}
					}
				},
				"back": {
					"rotation": {
						"0.0": {
							"vector": [0, 0, 0]
						},
						"0.125": {
							"vector": [42.5, 0, 0]
						},
						"1.0": {
							"vector": [0, 0, 0]
						}
					}
				},
				"headconnection": {
					"rotation": {
						"0.0": {
							"vector": [0, 0, 0]
						},
						"1.0": {
							"vector": [0, 0, 0]
						}
					}
				},
				"head": {
					"rotation": {
						"0.0": {
							"vector": [0, 0, 85]
						},
						"0.125": {
							"vector": [0, 0, -42.5]
						},
						"1.0": {
							"vector": [0, 0, -15]
						}
					}
				},
				"Mandables": {
					"rotation": {
						"0.0": {
							"vector": [0, 0, 0]
						},
						"1.0": {
							"vector": [0, 0, 0]
						}
					}
				},
				"mandableleft": {
					"rotation": {
						"0.0": {
							"vector": [0, 0, 0]
						},
						"0.125": {
							"vector": [0, -20, 0]
						},
						"1.0": {
							"vector": [0, 0, 0]
						}
					}
				},
				"mandableright": {
					"rotation": {
						"0.0": {
							"vector": [0, 0, 0]
						},
						"0.125": {
							"vector": [0, 25, 0]
						},
						"1.0": {
							"vector": [0, 0, 0]
						}
					}
				},
				"abdomen": {
					"rotation": {
						"0.0": {
							"vector": [0, 0, 0]
						},
						"0.125": {
							"vector": [0, 0, 55]
						},
						"1.0": {
							"vector": [0, 0, 0]
						}
					}
				},
				"RightLegs2": {
					"rotation": {
						"0.0": {
							"vector": [0, 0, 0]
						},
						"1.0": {
							"vector": [0, 0, 0]
						}
					}
				},
				"front2": {
					"rotation": {
						"0.0": {
							"vector": [0, 0, 0]
						},
						"0.125": {
							"vector": [-60, 0, 0]
						},
						"1.0": {
							"vector": [0, 0, 0]
						}
					}
				},
				"middle2": {
					"rotation": {
						"0.0": {
							"vector": [0, 0, 0]
						},
						"1.0": {
							"vector": [0, 0, 0]
						}
					}
				},
				"back2": {
					"rotation": {
						"0.0": {
							"vector": [0, 0, 0]
						},
						"0.125": {
							"vector": [35, 0, 0]
						},
						"1.0": {
							"vector": [0, 0, 0]
						}
					}
				}
			}
		}
	},
	"geckolib_format_version": 2
}