{
  "type": "minecraft:crafting_shaped",
  "pattern": [
    "01",
    "23",
    "4 "
  ],
  "key": {
    "0": {
      "item": "steves_primitive_start:sharpened_flint"
    },
    "1": {
      "item": "steves_primitive_start:sharpened_flint"
    },
    "2": {
      "item": "minecraft:stick"
    },
    "3": {
      "item": "steves_primitive_start:sharpened_flint"
    },
    "4": {
      "item": "minecraft:stick"
    }
  },
  "result": {
    "item": "steves_primitive_start:flint_axe",
    "count": 1
  }
}