{
  "type": "minecraft:crafting_shaped",
  "pattern": [
    "01",
    "23",
    "45"
  ],
  "key": {
    "0": {
      "item": "steves_primitive_start:makeshift_planks"
    },
    "1": {
      "item": "steves_primitive_start:makeshift_planks"
    },
    "2": {
      "item": "steves_primitive_start:makeshift_planks"
    },
    "3": {
      "item": "steves_primitive_start:makeshift_planks"
    },
    "4": {
      "item": "steves_primitive_start:makeshift_planks"
    },
    "5": {
      "item": "steves_primitive_start:makeshift_planks"
    }
  },
  "result": {
    "item": "steves_primitive_start:makeshift_door",
    "count": 3
  }
}