{
  "type": "minecraft:crafting_shaped",
  "pattern": [
    "01",
    "23"
  ],
  "key": {
    "0": {
      "item": "steves_primitive_start:mishandled_wood_plank"
    },
    "1": {
      "item": "steves_primitive_start:mishandled_wood_plank"
    },
    "2": {
      "item": "steves_primitive_start:mishandled_wood_plank"
    },
    "3": {
      "item": "steves_primitive_start:mishandled_wood_plank"
    }
  },
  "result": {
    "item": "steves_primitive_start:makeshift_planks",
    "count": 1
  }
}