{
  "type": "minecraft:crafting_shaped",
  "pattern": [
    "012",
    "345"
  ],
  "key": {
    "0": {
      "item": "steves_wasteland3:insulation_fabric"
    },
    "1": {
      "item": "steves_wasteland3:insulation_fabric"
    },
    "2": {
      "item": "steves_wasteland3:insulation_fabric"
    },
    "3": {
      "item": "steves_wasteland3:insulation_fabric"
    },
    "4": {
      "item": "steves_wasteland3:hazmat_breather"
    },
    "5": {
      "item": "steves_wasteland3:insulation_fabric"
    }
  },
  "result": {
    "item": "steves_wasteland3:insulation_armor_helmet",
    "count": 1
  }
}