{
  "args0": [
    {
      "type": "input_value",
      "name": "chunk",
      "check": "Chunk"
    },
    {
      "type": "input_value",
      "name": "condition",
      "check": "Boolean"
    }
  ],
  "previousStatement": null,
  "nextStatement": null,
  "colour": 270,
  "mcreator": {
    "toolbox_id": "chunkmanager",
    "toolbox_init": [
      "<value name=\"chunk\"><block type=\"chunk_get_at\"><value name=\"x\"><block type=\"coord_x\"></block></value><value name=\"y\"><block type=\"coord_y\"></block></value><value name=\"z\"><block type=\"coord_z\"></block></value></block></value>",
      "<value name=\"condition\"><block type=\"logic_boolean\"><field name=\"BOOL\">TRUE</field></block></value>"
    ],
    "inputs": [
      "chunk",
      "condition"
    ]
  }
}