{
  "args0": [
    {
      "type": "input_value",
      "name": "chunk",
      "check": "Chunk"
    }
  ],
  "inputsInline": true,
  "output": "Number",
  "colour": "%{BKY_MATH_HUE}",
  "mcreator": {
    "toolbox_id": "chunkmanager",
    "toolbox_init": [
      "<value name=\"chunk\"><block type=\"chunk_get_at\"><value name=\"x\"><block type=\"coord_x\"></block></value><value name=\"y\"><block type=\"coord_y\"></block></value><value name=\"z\"><block type=\"coord_z\"></block></value></block></value>"
    ],
    "inputs": [
      "chunk"
    ]
  }
}