{
  "group": "stevesicbm",
  "type": "minecraft:crafting_shaped",
  "pattern": [
    " 1 ",
    "345",
    "6 8"
  ],
  "key": {
    "1": {
      "item": "stevesicbm:missile_cap"
    },
    "3": {
      "item": "stevesicbm:missile_tube"
    },
    "4": {
      "item": "minecraft:iron_block"
    },
    "5": {
      "item": "stevesicbm:missile_tube"
    },
    "6": {
      "item": "stevesicbm:missile_barrel"
    },
    "8": {
      "item": "stevesicbm:missile_barrel"
    }
  },
  "result": {
    "item": "stevesicbm:advanced_empty_missile",
    "count": 1
  }
}