{
  "group": "stevesicbm",
  "type": "minecraft:crafting_shaped",
  "pattern": [
    " 1 ",
    "345",
    " 7 "
  ],
  "key": {
    "1": {
      "item": "stevesicbm:power_supply"
    },
    "3": {
      "item": "stevesicbm:ram_stick"
    },
    "4": {
      "item": "stevesicbm:basic_computer"
    },
    "5": {
      "item": "stevesicbm:ram_stick"
    },
    "7": {
      "item": "stevesicbm:solid_state_drive"
    }
  },
  "result": {
    "item": "stevesicbm:advanced_computer",
    "count": 1
  }
}