{
  "group": "stevesicbm",
  "type": "minecraft:crafting_shaped",
  "pattern": [
    "012",
    "345",
    "678"
  ],
  "key": {
    "0": {
      "item": "minecraft:potato"
    },
    "1": {
      "item": "minecraft:potato"
    },
    "2": {
      "item": "minecraft:potato"
    },
    "3": {
      "item": "stevesicbm:light_compressed_gunpowder"
    },
    "4": {
      "item": "stevesicbm:basic_empty_missile"
    },
    "5": {
      "item": "stevesicbm:light_compressed_gunpowder"
    },
    "6": {
      "item": "minecraft:potato"
    },
    "7": {
      "item": "minecraft:potato"
    },
    "8": {
      "item": "minecraft:potato"
    }
  },
  "result": {
    "item": "stevesicbm:spudnik_item",
    "count": 1
  }
}