{
  "args0": [
    {
      "type": "field_dropdown",
      "name": "shape",
      "options": [
        [
          "CYLINDER",
          "FogShape.CYLINDER"
        ],
        [
          "SPHERE",
          "FogShape.SPHERE"
        ]
      ]
    },
    {
      "type": "input_value",
      "name": "start",
      "check": "Number"
    },
    {
      "type": "input_value",
      "name": "end",
      "check": "Number"
    },
    {
      "type": "input_value",
      "name": "red",
      "check": "Number"
    },
    {
      "type": "input_value",
      "name": "green",
      "check": "Number"
    },
    {
      "type": "input_value",
      "name": "blue",
      "check": "Number"
    },
    {
      "type": "input_value",
      "name": "alpha",
      "check": "Number"
    }
  ],
  "inputsInline": true,
  "previousStatement": null,
  "nextStatement": null,
  "colour": 120,
  "mcreator": {
    "toolbox_id": "sky",
    "toolbox_init": [
      "<value name=\"start\"><block type=\"math_number\"><field name=\"NUM\">0</field></block></value>",
      "<value name=\"end\"><block type=\"math_number\"><field name=\"NUM\">0</field></block></value>",
      "<value name=\"red\"><block type=\"math_number\"><field name=\"NUM\">0</field></block></value>",
      "<value name=\"green\"><block type=\"math_number\"><field name=\"NUM\">0</field></block></value>",
      "<value name=\"blue\"><block type=\"math_number\"><field name=\"NUM\">0</field></block></value>",
      "<value name=\"alpha\"><block type=\"math_number\"><field name=\"NUM\">100</field></block></value>"
    ],
    "fields": [
      "shape"
    ],
    "inputs": [
      "start",
      "end",
      "red",
      "green",
      "blue",
      "alpha"
    ]
  }
}