{
  "args0": [
    {
      "type": "input_value",
      "name": "id",
      "check": "String"
    },
    {
      "type": "input_value",
      "name": "path",
      "check": "String"
    },
    {
      "type": "input_value",
      "name": "direction",
      "check": "Direction"
    }
  ],
  "inputsInline": true,
  "previousStatement": null,
  "nextStatement": null,
  "colour": 120,
  "mcreator": {
    "toolbox_id": "sky",
    "toolbox_init": [
      "<value name=\"id\"><block type=\"text\"><field name=\"TEXT\">modid</field></block></value>",
      "<value name=\"path\"><block type=\"text\"><field name=\"TEXT\">textures/texture.png</field></block></value>",
      "<value name=\"direction\"><block type=\"direction_constant\">DOWN</block></value>"
    ],
    "inputs": [
      "id",
      "path",
      "direction"
    ]
  }
}