{
  "_fv": 43,
  "_type": "feature",
  "definition": {
    "generationStep": "UNDERGROUND_DECORATION",
    "restrictionDimensions": [
      "Surface"
    ],
    "restrictionBiomes": [],
    "featurexml": "<xml xmlns=\"https://developers.google.com/blockly/xml\"><block type=\"feature_container\" deletable=\"false\" x=\"40\" y=\"40\"><value name=\"feature\"><block type=\"feature_ore\"><mutation xmlns=\"http://www.w3.org/1999/xhtml\" inputs=\"1\"></mutation><field name=\"size\">32</field><field name=\"discardOnAirChance\">0.5</field><value name=\"target0\"><block type=\"ore_target\"><value name=\"target\"><block type=\"rule_test_tag_match\"><field name=\"tag\">stone_ore_replaceables</field></block></value><value name=\"state\"><block type=\"mcitem_allblocks\"><field name=\"value\">Blocks.CLAY</field></block></value></block></value></block></value><next><block type=\"placement_height_range\"><value name=\"height\"><block type=\"height_provider_biased_to_bottom\"><field name=\"inner\">1</field><value name=\"min\"><block type=\"vertical_anchor_absolute\"><field name=\"value\">30</field></block></value><value name=\"max\"><block type=\"vertical_anchor_absolute\"><field name=\"value\">50</field></block></value></block></value></block></next></block><block type=\"placement_rarity\" x=\"151\" y=\"264\"><field name=\"rarity\">2</field></block><block type=\"height_provider_constant\" x=\"429\" y=\"339\"><value name=\"value\"><block type=\"vertical_anchor_absolute\"><field name=\"value\">64</field></block></value></block></xml>"
  }
}