{
  "_fv": 43,
  "_type": "armor",
  "definition": {
    "enableHelmet": true,
    "textureHelmet": "hazmatsuit_head",
    "enableBody": true,
    "textureBody": "hazmatsuit_body",
    "enableLeggings": true,
    "textureLeggings": "hazmatsuit_leggings",
    "enableBoots": true,
    "textureBoots": "hazmatsuit_boots",
    "creativeTab": {
      "value": "CUSTOM:StevesWastelandCreativeTab"
    },
    "armorTextureFile": "hazmatsuit",
    "helmetName": "Hazmat Suit Mask",
    "bodyName": "Hazmat Suit Body",
    "leggingsName": "Hazmat Suit Leggings",
    "bootsName": "Hazmat Suit Boots",
    "helmetSpecialInfo": [],
    "bodySpecialInfo": [],
    "leggingsSpecialInfo": [],
    "bootsSpecialInfo": [],
    "helmetModelName": "Default",
    "helmetModelPart": "Helmet",
    "helmetModelTexture": "From armor",
    "bodyModelName": "Default",
    "bodyModelPart": "Body",
    "armsModelPartL": "Arms L",
    "armsModelPartR": "Arms R",
    "bodyModelTexture": "From armor",
    "leggingsModelName": "Default",
    "leggingsModelPartL": "Leggings L",
    "leggingsModelPartR": "Leggings R",
    "leggingsModelTexture": "From armor",
    "bootsModelName": "Default",
    "bootsModelPartL": "Boots L",
    "bootsModelPartR": "Boots R",
    "bootsModelTexture": "From armor",
    "helmetItemRenderType": 0,
    "helmetItemCustomModelName": "Normal",
    "bodyItemRenderType": 0,
    "bodyItemCustomModelName": "Normal",
    "leggingsItemRenderType": 0,
    "leggingsItemCustomModelName": "Normal",
    "bootsItemRenderType": 0,
    "bootsItemCustomModelName": "Normal",
    "helmetImmuneToFire": false,
    "bodyImmuneToFire": false,
    "leggingsImmuneToFire": false,
    "bootsImmuneToFire": false,
    "maxDamage": 8,
    "damageValueHelmet": 0,
    "damageValueBody": 3,
    "damageValueLeggings": 3,
    "damageValueBoots": 1,
    "enchantability": 5,
    "toughness": 0.0,
    "knockbackResistance": 0.0,
    "equipSound": {
      "value": "item.armor.equip_leather"
    },
    "repairItems": [
      {
        "value": "CUSTOM:InsulationFabric"
      }
    ]
  }
}