{
  "_fv": 43,
  "_type": "tag",
  "definition": {
    "type": "Biomes",
    "items": [],
    "blocks": [],
    "functions": [],
    "entities": [],
    "biomes": [
      {
        "value": "CUSTOM:AftermathBiome"
      },
      {
        "value": "CUSTOM:CrackedWastesBiome"
      },
      {
        "value": "CUSTOM:DeadLandsBiome"
      },
      {
        "value": "CUSTOM:RadLandsBiome"
      },
      {
        "value": "CUSTOM:RuinedWoodsBiome"
      },
      {
        "value": "CUSTOM:ScorchedWastesBiome"
      },
      {
        "value": "CUSTOM:TundraWastesBiome"
      },
      {
        "value": "badlands"
      },
      {
        "value": "badlands_plateau"
      },
      {
        "value": "wooded_badlands_plateau"
      },
      {
        "value": "mutated_mesa"
      }
    ],
    "name": "is_wasteland",
    "namespace": "forge"
  }
}