{
  "_fv": 43,
  "_type": "feature",
  "definition": {
    "generationStep": "SURFACE_STRUCTURES",
    "restrictionDimensions": [],
    "restrictionBiomes": [
      {
        "value": "CUSTOM:ScorchedWastesBiome"
      }
    ],
    "featurexml": "<xml xmlns=\"https://developers.google.com/blockly/xml\"><block type=\"feature_container\" deletable=\"false\" x=\"40\" y=\"40\"><value name=\"feature\"><block type=\"feature_lake\"><value name=\"fluid\"><block type=\"mcitem_allblocks\"><field name=\"value\">Blocks.LAVA</field></block></value><value name=\"border\"><block type=\"mcitem_allblocks\"><field name=\"value\">Blocks.MAGMA</field></block></value></block></value><next><block type=\"placement_rarity\"><field name=\"rarity\">5</field><next><block type=\"placement_heightmap\"><field name=\"heightmap\">WORLD_SURFACE_WG</field></block></next></block></next></block></xml>"
  }
}