{
  "_fv": 43,
  "_type": "tag",
  "definition": {
    "type": "Entities",
    "items": [],
    "blocks": [],
    "functions": [],
    "entities": [
      {
        "value": "CUSTOM:DayRadZombie"
      },
      {
        "value": "CUSTOM:RadZombie"
      },
      {
        "value": "EntityDrowned"
      },
      {
        "value": "EntityHusk"
      },
      {
        "value": "EntityPigZombie"
      },
      {
        "value": "EntityZombieVillager"
      },
      {
        "value": "EntityZombie"
      }
    ],
    "biomes": [],
    "name": "rad_proof",
    "namespace": "mod"
  }
}