{
  "_fv": 43,
  "_type": "biome",
  "definition": {
    "name": "Scorched Wastes",
    "groundBlock": {
      "value": "Blocks.SMOOTH_BASALT"
    },
    "undergroundBlock": {
      "value": "Blocks.BASALT"
    },
    "underwaterBlock": {
      "value": "Blocks.COBBLESTONE"
    },
    "airColor": {
      "value": -4552846,
      "falpha": 0.0
    },
    "grassColor": {
      "value": -4933006,
      "falpha": 0.0
    },
    "foliageColor": {
      "value": -6505870,
      "falpha": 0.0
    },
    "waterColor": {
      "value": -3363686,
      "falpha": 0.0
    },
    "waterFogColor": {
      "value": -3357286,
      "falpha": 0.0
    },
    "ambientSound": {
      "value": ""
    },
    "additionsSound": {
      "value": ""
    },
    "music": {
      "value": ""
    },
    "moodSound": {
      "value": ""
    },
    "moodSoundDelay": 6000,
    "spawnParticles": false,
    "particleToSpawn": {
      "value": "EXPLOSION_NORMAL"
    },
    "particlesProbability": 0.5,
    "rainingPossibility": 0.0,
    "temperature": 2.0,
    "spawnBiome": true,
    "spawnInCaves": false,
    "spawnBiomeNether": false,
    "genTemperature": {
      "min": -0.1,
      "max": 2.0
    },
    "genHumidity": {
      "min": -1.0,
      "max": 1.0
    },
    "genContinentalness": {
      "min": -0.7,
      "max": 0.7
    },
    "genErosion": {
      "min": 0.2,
      "max": 0.8
    },
    "genWeirdness": {
      "min": -0.8,
      "max": 0.8
    },
    "treesPerChunk": 0,
    "vanillaTreeType": "Default",
    "treeType": 0,
    "minHeight": 7,
    "treeStem": {
      "value": ""
    },
    "treeBranch": {
      "value": ""
    },
    "treeVines": {
      "value": ""
    },
    "treeFruits": {
      "value": ""
    },
    "defaultFeatures": [
      "Caves",
      "Ores",
      "ExtraGoldOre",
      "Fossils",
      "MonsterRooms",
      "DeadBushes"
    ],
    "spawnStronghold": true,
    "spawnMineshaft": false,
    "spawnMineshaftMesa": false,
    "spawnPillagerOutpost": false,
    "villageType": "none",
    "spawnWoodlandMansion": false,
    "spawnJungleTemple": false,
    "spawnDesertPyramid": false,
    "spawnSwampHut": false,
    "spawnIgloo": false,
    "spawnOceanMonument": false,
    "spawnShipwreck": false,
    "spawnShipwreckBeached": false,
    "spawnBuriedTreasure": false,
    "oceanRuinType": "NONE",
    "spawnNetherBridge": false,
    "spawnNetherFossil": false,
    "spawnBastionRemnant": false,
    "spawnEndCity": false,
    "spawnRuinedPortal": "NONE",
    "spawnEntries": [
      {
        "entity": {
          "value": "EntityZombie"
        },
        "minGroup": 1,
        "maxGroup": 8,
        "weight": 40,
        "spawnType": "monster"
      },
      {
        "entity": {
          "value": "EntityZombieVillager"
        },
        "minGroup": 1,
        "maxGroup": 8,
        "weight": 20,
        "spawnType": "monster"
      },
      {
        "entity": {
          "value": "EntityWanderingTrader"
        },
        "minGroup": 1,
        "maxGroup": 2,
        "weight": 20,
        "spawnType": "creature"
      },
      {
        "entity": {
          "value": "EntitySkeleton"
        },
        "minGroup": 1,
        "maxGroup": 8,
        "weight": 20,
        "spawnType": "monster"
      },
      {
        "entity": {
          "value": "EntitySpider"
        },
        "minGroup": 1,
        "maxGroup": 4,
        "weight": 20,
        "spawnType": "monster"
      },
      {
        "entity": {
          "value": "EntityEnderman"
        },
        "minGroup": 1,
        "maxGroup": 2,
        "weight": 5,
        "spawnType": "monster"
      },
      {
        "entity": {
          "value": "EntityLlama"
        },
        "minGroup": 1,
        "maxGroup": 4,
        "weight": 20,
        "spawnType": "creature"
      },
      {
        "entity": {
          "value": "EntityDonkey"
        },
        "minGroup": 1,
        "maxGroup": 4,
        "weight": 20,
        "spawnType": "creature"
      },
      {
        "entity": {
          "value": "EntityMule"
        },
        "minGroup": 1,
        "maxGroup": 4,
        "weight": 20,
        "spawnType": "creature"
      },
      {
        "entity": {
          "value": "EntityPig"
        },
        "minGroup": 1,
        "maxGroup": 8,
        "weight": 20,
        "spawnType": "creature"
      },
      {
        "entity": {
          "value": "EntitySlime"
        },
        "minGroup": 1,
        "maxGroup": 4,
        "weight": 20,
        "spawnType": "creature"
      }
    ]
  }
}