{
  "_fv": 43,
  "_type": "structure",
  "definition": {
    "structure": "ruins1",
    "randomlyRotateStructure": true,
    "surfaceDetectionType": "First motion blocking block",
    "spawnProbability": 5000,
    "minCountPerChunk": 1,
    "maxCountPerChunk": 1,
    "spawnLocation": "Ground",
    "spawnHeightOffset": -1,
    "spawnXOffset": 0,
    "spawnZOffset": 0,
    "spawnWorldTypes": [
      "Surface"
    ],
    "restrictionBlocks": [],
    "restrictionBiomes": [
      {
        "value": "CUSTOM:AftermathBiome"
      },
      {
        "value": "CUSTOM:CrackedWastesBiome"
      },
      {
        "value": "CUSTOM:DeadLandsBiome"
      },
      {
        "value": "CUSTOM:RadLandsBiome"
      },
      {
        "value": "CUSTOM:RuinedWoodsBiome"
      },
      {
        "value": "CUSTOM:ScorchedWastesBiome"
      },
      {
        "value": "CUSTOM:TundraWastesBiome"
      }
    ],
    "ignoreBlocks": "AIR_AND_STRUCTURE_BLOCK"
  }
}